Compound Score,Date,Negative Score,Neutral Score,Postive Score,Text
0.18,2018-04-08 03:40:10+00:00,0.27,0.4,0.34,Egypt's problem with sexy cinema https://t.co/nRE1Mh1eJn
-0.48,2018-04-08 03:04:01+00:00,0.24,0.76,0.0,Japanese father arrested for caging son for over 20 years https://t.co/57YJX4pjWU
-0.62,2018-04-08 01:18:36+00:00,0.27,0.73,0.0,How the crisis in the Gulf could spread to East Africa https://t.co/zYOQ0Kt7My
-0.6,2018-04-08 01:15:33+00:00,0.38,0.62,0.0,"Obituary: Keith Murdoch, the disgraced All Black who disappeared https://t.co/cU1oGnWqJw"
-0.36,2018-04-08 01:15:31+00:00,0.26,0.74,0.0,How 'condom snorting' turned into a pro-gun argument https://t.co/YDWbQYVimM
0.0,2018-04-08 01:09:24+00:00,0.0,1.0,0.0,Inside the White House Bible Study group https://t.co/EtmBkqzK60
0.51,2018-04-08 01:04:19+00:00,0.0,0.73,0.27,"'I paid $90,000 to free my family from IS' https://t.co/XKajz1q8zV"
-0.91,2018-04-08 00:33:12+00:00,0.53,0.47,0.0,"Syria war: Scores dead in Syria gas attack, rescuers and medics say https://t.co/oSdO2X8IAX"
0.0,2018-04-07 22:46:40+00:00,0.0,1.0,0.0,Trump Tower fires: Blaze breaks out at New York property https://t.co/Wrev20IsB8
0.0,2018-04-07 22:04:19+00:00,0.0,1.0,0.0,Brazil's Lula surrenders to police https://t.co/6T9D4d5cGk
-0.87,2018-04-07 20:41:19+00:00,0.55,0.45,0.0,Canada hockey team crash: 'Entire country in shock' at tragedy https://t.co/ely2UEKUu4
-0.34,2018-04-07 20:18:03+00:00,0.26,0.74,0.0,Vatican police arrest ex-diplomat over 'child pornography' https://t.co/HHXmGkTDAz
-0.66,2018-04-07 16:53:36+00:00,0.39,0.61,0.0,Israel to investigate killing of Palestinian journalist https://t.co/8kudrlTVuS
0.0,2018-04-07 15:57:19+00:00,0.0,1.0,0.0,Lula to surrender to police https://t.co/ksRE4gjgAA
0.0,2018-04-07 15:10:36+00:00,0.0,1.0,0.0,Prince of Wales gets new chief title in ceremony on South Pacific island of Vanuatu https://t.co/z1jSGRh4Hm
-0.76,2018-04-07 15:07:25+00:00,0.31,0.69,0.0,"RT @BBCBreaking: German Police say they believe there are several fatalities and around 30 people injured. 
https://t.co/Wgi0DBsyZS"
0.0,2018-04-07 14:50:14+00:00,0.0,1.0,0.0,Van drives into pedestrians in Germany https://t.co/0xtrQps5IL
0.0,2018-04-07 14:46:08+00:00,0.0,1.0,0.0,RT @BBCBreaking: Reports of casualties in Germany after van drives into pedestrians in city of Muenster https://t.co/OVOrbRHYEF
0.0,2018-04-07 14:41:20+00:00,0.0,1.0,0.0,The migrant caravan from Central America travelling north https://t.co/gOwYZhuDUy
-0.73,2018-04-07 13:58:36+00:00,0.24,0.71,0.05,"RT @BBCSport: A young French footballer has died at just 18 years old.

Le Havre are in mourning over defender Samba Diop.
üëâ https://t.co/Q‚Ä¶"
-0.05,2018-04-07 12:12:02+00:00,0.09,0.91,0.0,Facebook suspends AIQ data firm used by Vote Leave in Brexit campaign https://t.co/FchzO29YDp
0.0,2018-04-07 12:06:31+00:00,0.0,1.0,0.0,Prince Charles gets new Chief title on Vanuatu https://t.co/tEMQkCyOwB
0.1,2018-04-07 12:00:24+00:00,0.0,0.85,0.15,Samba Diop: Le Havre defender dies aged 18 https://t.co/kCM7X5U7Fk
0.0,2018-04-07 12:00:24+00:00,0.0,1.0,0.0,Grass skirt in Vanuatu for 'high chief' Prince Charles https://t.co/B9mEo6ShFQ
0.0,2018-04-07 11:45:19+00:00,0.0,1.0,0.0,Mexico's president @EPN quotes JFK during national broadcast addressed to @realDonaldTrump https://t.co/8IbnhGiScP
0.0,2018-04-07 11:17:16+00:00,0.0,1.0,0.0,Lula: Brazil ex-president's police stand-off https://t.co/Gro8VHwqUe
0.0,2018-04-07 10:39:16+00:00,0.0,1.0,0.0,Mexico to Trump: Don't take your 'frustrations' out on us https://t.co/xFKKRqVkWE
0.64,2018-04-07 10:30:23+00:00,0.0,0.78,0.22,RT @BBCIndia: Huge crowds who braved scorching temperatures to gather outside the court started dancing and shouted slogans once they heard‚Ä¶
0.0,2018-04-07 10:13:02+00:00,0.0,1.0,0.0,"Salman Khan, Bollywood superstar, bailed in poaching case https://t.co/nXoRkeloES"
0.0,2018-04-07 08:51:03+00:00,0.0,1.0,0.0,Russell Crowe 'divorce auction': Memorabilia up for grabs in Sydney https://t.co/kWq0PCTeLP
0.0,2018-04-07 07:33:14+00:00,0.0,1.0,0.0,Millions watch extreme eating Korean mukbang star https://t.co/wpyDBBAAHH
-0.78,2018-04-07 06:11:02+00:00,0.47,0.53,0.0,Canada crash: Fatalities as junior hockey team's bus and lorry collide https://t.co/maMBAttjt8
0.0,2018-04-07 04:35:38+00:00,0.0,1.0,0.0,Trump immigration: Texas sends National Guard to Mexico border https://t.co/tPfoQHNmiC
0.51,2018-04-07 03:57:43+00:00,0.0,0.73,0.27,Vietnam rescue dog gives new owner slip in Paris https://t.co/STYop10ASH
0.0,2018-04-07 01:01:49+00:00,0.0,1.0,0.0,Masters 2018: Patrick Reed two ahead at halfway stage https://t.co/uaoUk3l8Dt
0.0,2018-04-07 00:28:17+00:00,0.0,1.0,0.0,Molly Ringwald: The Breakfast Club star 'troubled' by hit film https://t.co/7203aQtw3y
0.0,2018-04-07 00:06:44+00:00,0.0,1.0,0.0,Viktor Orban: Hungary's nationalist PM eyes third term https://t.co/ovz0AW6yIj
0.46,2018-04-06 23:28:33+00:00,0.0,0.75,0.25,Anna Chennault: 'Steel butterfly' who charmed US and China https://t.co/nkUPRi4iwh
0.0,2018-04-06 23:22:13+00:00,0.0,1.0,0.0,Week in pictures: 31 March - 6 April 2018 https://t.co/EeMNhTtOxp
0.0,2018-04-06 22:14:15+00:00,0.0,1.0,0.0,Bosnia: Cable car in Sarajevo reopens after 26 years https://t.co/1DIOqlscNP
-0.66,2018-04-06 21:05:54+00:00,0.33,0.67,0.0,Menendez brothers convicted of killing parents reunite in jail https://t.co/THZqwTIN4B
-0.44,2018-04-06 19:09:19+00:00,0.36,0.64,0.0,Gaza protests: further deaths in renewed border protest https://t.co/wEajQNEp7H
-0.48,2018-04-06 19:06:33+00:00,0.26,0.74,0.0,Dozens sue Canadian fertility doctor for 'using wrong sperm' https://t.co/fzvcx0Yimp
-0.66,2018-04-06 18:10:30+00:00,0.38,0.62,0.0,Syria war: Jets strike rebel-held Eastern Ghouta as evacuation stalls https://t.co/e8OJLEtX8T
-0.49,2018-04-06 17:50:35+00:00,0.29,0.71,0.0,Park Geun-hye: Poisoned chalice of South Korea's presidency https://t.co/221EoYfAQq
0.0,2018-04-06 16:37:30+00:00,0.0,1.0,0.0,Virgin Galactic spaceship completes test flight https://t.co/RPMaUgMcXz
0.0,2018-04-06 15:51:46+00:00,0.0,1.0,0.0,Black bear's hibernation is webcam hit https://t.co/M2ULkeaVmg
0.0,2018-04-06 15:50:11+00:00,0.0,1.0,0.0,When the weather is so cold that you can't bear to get up üêª https://t.co/v2F03V5DNw
-0.76,2018-04-06 15:28:00+00:00,0.42,0.58,0.0,Hundreds protests after New York police kill man wielding pipe https://t.co/kFCxmekwef
-0.6,2018-04-06 15:17:38+00:00,0.36,0.64,0.0,Trial begins in Goa over Irishwoman's death https://t.co/N5PNvc8PGS
-0.61,2018-04-06 14:43:55+00:00,0.28,0.64,0.08,"UFC fighter Conor McGregor seen in handcuffs after being charged with assault by NYPD 

https://t.co/I7NCUzoTTt https://t.co/7zEQTTMSxR"
0.51,2018-04-06 14:17:43+00:00,0.0,0.75,0.25,Spain hopeful of Gibraltar deal with the UK by summer https://t.co/tl0AJ2bleZ
-0.48,2018-04-06 14:11:19+00:00,0.28,0.72,0.0,US punishes 24 Russians over worldwide 'malign activity' https://t.co/6hVFkPms7l
0.67,2018-04-06 14:07:25+00:00,0.0,0.7,0.3,"Amazing Amazon discoveries.

Nine new species found where few scientists have gone before https://t.co/zotjXICtnJ‚Ä¶ https://t.co/FXFrls1tKQ"
0.0,2018-04-06 14:00:34+00:00,0.0,1.0,0.0,Antarctica: A journey to the edge of a frozen continent https://t.co/xzKdZBeUat
-0.44,2018-04-06 13:45:51+00:00,0.42,0.36,0.21,Zuma's supporters drown out charges in song https://t.co/78CqEu7E2b
-0.27,2018-04-06 13:42:17+00:00,0.26,0.74,0.0,The Swedes rebelling against a cashless society https://t.co/upLlZegsou
0.38,2018-04-06 13:42:17+00:00,0.0,0.7,0.3,US jobs growth slows in March https://t.co/hmJZTt8BOF
0.74,2018-04-06 13:38:36+00:00,0.0,0.56,0.44,China sperm bank demands Communist Party loyalty from donors https://t.co/XVuL2Xe1Xa
-0.25,2018-04-06 13:38:36+00:00,0.3,0.48,0.22,Russian spy poisoning: Sergei Skripal 'improving rapidly' https://t.co/ztf8RzkgRe
-0.82,2018-04-06 13:30:37+00:00,0.34,0.59,0.07,"Russia's UN ambassador says UK is ""playing with fire"" and has invented a ""fake story"" about poisoning of former spy‚Ä¶ https://t.co/xiThJdOWl7"
0.2,2018-04-06 13:27:00+00:00,0.0,0.83,0.17,Lorde apologises for posting a bath photo with Whitney lyric https://t.co/it0lz5e3jq
0.0,2018-04-06 13:23:35+00:00,0.0,1.0,0.0,Brazil's Lula 'will not turn himself in to police' https://t.co/0uGHW5Tmvb
0.36,2018-04-06 13:06:48+00:00,0.0,0.78,0.22,Meet the gargantuan air freighter that looks like a whale https://t.co/ZPG1XN38Pn
-0.77,2018-04-06 12:40:08+00:00,0.3,0.7,0.0,"RT @BBCBreaking: Ex-spy Sergei Skripal no longer in critical condition, doctors say, after being poisoned by nerve agent in Salisbury https‚Ä¶"
0.53,2018-04-06 12:18:56+00:00,0.0,0.76,0.24,Henry and Baloo: Dog and cat travel companions gain cult following https://t.co/SJuJkyu5E1
0.0,2018-04-06 11:59:18+00:00,0.0,1.0,0.0,RT @BBCBreaking: Catalan ex-leader leaves jail in Germany on bail and calls for immediate dialogue https://t.co/cDybQgf2L3
0.62,2018-04-06 11:51:03+00:00,0.0,0.79,0.21,"Viktor Orban says he's the defender of Hungary and Europe against Muslim migrants. 

So what happens if he wins pow‚Ä¶ https://t.co/y86KotBf35"
0.36,2018-04-06 11:24:42+00:00,0.0,0.83,0.17,"RT @BBCNews: Meet the gargantuan air freighter that looks like a whale üê≥

https://t.co/5nRXkJdBnM https://t.co/vtqKMZGpaY"
0.0,2018-04-06 10:47:36+00:00,0.0,1.0,0.0,"Antarctica: A journey to the edge of a frozen continent üêß

https://t.co/9OZwG3JtRV https://t.co/OQeewXi3jM"
0.05,2018-04-06 10:34:42+00:00,0.24,0.52,0.25,Uzbekistan TV show chastised for shaming public lovers https://t.co/PFQBneS1ww
-0.44,2018-04-06 10:21:54+00:00,0.29,0.71,0.0,Russia seeks to block Telegram messaging app https://t.co/p1UIIbUwI0
-0.23,2018-04-06 10:19:35+00:00,0.21,0.79,0.0,Gaza-Israel border clashes erupt as protests begin https://t.co/imuCdSQxkw
0.0,2018-04-06 09:54:14+00:00,0.0,1.0,0.0,India man 'mummified and froze mother's body' for three years https://t.co/3vAs78Xvwh
0.0,2018-04-06 09:48:49+00:00,0.0,1.0,0.0,Jordan Peele to make Lerena Bobbitt film https://t.co/bGIjgmDsr8
-0.34,2018-04-06 09:46:47+00:00,0.11,0.89,0.0,"RT @BBCSteveR: Russia accuses the West of building a new ""Iron Curtain"". Our report from earlier this week. Camera/edit @mattgodtv Producer‚Ä¶"
0.44,2018-04-06 09:07:00+00:00,0.0,0.85,0.15,"It's not just spiders, scorpions and snakes üï∑Ô∏èü¶Çüêç

Meet the pest controller keeping troops safe in Afghanistan https://t.co/4YEecAjSFr"
-0.68,2018-04-06 08:56:52+00:00,0.24,0.76,0.0,RT @BBCNewsbeat: Conor McGregor has been charged with assault following an incident at a UFC event in New York üëâ https://t.co/kI4vrAHxls ht‚Ä¶
-0.2,2018-04-06 08:54:44+00:00,0.1,0.9,0.0,"South Africa's former President Jacob Zuma has been charged with corruption relating to a 1990s arm deal

https://t.co/s7rfyL5g2E"
0.0,2018-04-06 08:15:09+00:00,0.0,1.0,0.0,UFC star Conor McGregor in New York custody https://t.co/JmarJVQzbU
0.46,2018-04-06 06:54:14+00:00,0.0,0.77,0.23,New York judge awards Egon Schiele art to Holocaust heirs https://t.co/1drszwLdXf
-0.62,2018-04-06 06:49:00+00:00,0.17,0.83,0.0,RT @BBCNewsbeat: Conor McGregor @TheNotoriousMMA has handed himself in to police after violence at a UFC media event in New York https://t.‚Ä¶
-0.7,2018-04-06 06:13:01+00:00,0.54,0.46,0.0,S Korea's ex-leader guilty of abusing power https://t.co/neEvptvtia
-0.62,2018-04-06 06:00:49+00:00,0.24,0.76,0.0,Conor McGregor turns himself in after violence at UFC event in New York https://t.co/7Gq5DICFnb
-0.4,2018-04-06 05:48:34+00:00,0.31,0.69,0.0,"The Mooch, Trump and a gold-plated bathtub https://t.co/wK6PlAQvAu"
-0.57,2018-04-06 03:38:38+00:00,0.34,0.66,0.0,Skripal phone call: 'I have no doubt it was Yulia' https://t.co/827HlYKxYC
0.0,2018-04-06 03:38:38+00:00,0.0,1.0,0.0,The pest controller of Kandahar https://t.co/csv3PugCwR
-0.38,2018-04-06 02:44:16+00:00,0.21,0.79,0.0,'Grave of the Fireflies' director Isao Takahata dies at 82 https://t.co/fHoxF9e51m
-0.38,2018-04-06 01:34:50+00:00,0.24,0.76,0.0,Trump threatens further $100bn in tariffs against China https://t.co/A8PdsH841c
0.0,2018-04-06 01:14:31+00:00,0.0,1.0,0.0,Australia 'shocked' by sheep deaths on ship https://t.co/IcfM5PvXek
0.59,2018-04-06 00:32:20+00:00,0.0,0.7,0.3,Saudi 'Prince Charming' Mohammed bin Salman comes to Hollywood https://t.co/15sxktzJPF
0.0,2018-04-06 00:22:28+00:00,0.0,1.0,0.0,Will Netflix's Amo be the Philippine Narcos? https://t.co/DeOl2sN8Zd
0.08,2018-04-05 23:59:08+00:00,0.0,0.86,0.14,Do Syrian refugees ever want to return home? https://t.co/PRzRkoDDoT
0.0,2018-04-05 23:26:20+00:00,0.0,1.0,0.0,Africa's week in pictures: 30 March-5 April https://t.co/HoB5TnyqND
-0.42,2018-04-05 23:13:50+00:00,0.29,0.71,0.0,"Gay Chechens flee threats, beatings and exorcism https://t.co/7yWm97sT3u"
0.0,2018-04-05 23:06:12+00:00,0.0,1.0,0.0,Brazil judge tells Lula to turn himself in on Friday https://t.co/JjC6NVRwv6
0.0,2018-04-05 22:08:40+00:00,0.0,1.0,0.0,"Stormy Daniels: Trump says he did not know about $130,000 payment https://t.co/vbeZGax1RI"
-0.66,2018-04-05 20:03:16+00:00,0.41,0.47,0.12,Spy poisoning: Russia says UK is 'playing with fire' https://t.co/gIL9Iftyx3
-0.3,2018-04-05 19:40:45+00:00,0.27,0.73,0.0,Pressure builds on Trump environment chief https://t.co/Hvf51NzA0E
0.2,2018-04-05 19:37:52+00:00,0.0,0.83,0.17,US top doctor urges Americans to carry opioid antidote https://t.co/zskdD3UgwY
-0.2,2018-04-08 05:03:04+00:00,0.2,0.66,0.15,Maine mayor faces backlash over tweeted insult of Parkland shooting survivor https://t.co/JFZ3Lgz7QT https://t.co/ztX9mbZ3Aq
-0.4,2018-04-08 04:58:05+00:00,0.16,0.84,0.0,"Hart family crash: Body recovered near where SUV went off cliff, sheriff says https://t.co/oLuxXTIiXH https://t.co/tujpUrVlnI"
0.0,2018-04-08 04:48:04+00:00,0.0,1.0,0.0,First grader discovers her ‚Äúnew‚Äù textbook was used by Blake Shelton ‚Äî in 1982 https://t.co/N8Np3EuXVZ https://t.co/b2iVE3gYhL
-0.34,2018-04-08 04:33:04+00:00,0.14,0.86,0.0,"""I'm not going to be a Gabby Giffords"": Congressman pulls out gun at constituent meeting https://t.co/WpL6ggoYaR https://t.co/AxpeeHsbef"
0.34,2018-04-08 04:18:03+00:00,0.0,0.81,0.19,"Homeland Security to compile database of journalists, media influencers https://t.co/utkB5pTd6q https://t.co/mmEirlITMx"
-0.34,2018-04-08 04:12:04+00:00,0.18,0.82,0.0,Trump Tower fire is second 2018 blaze in sprinkler-free residence https://t.co/lqhFJLYbmo https://t.co/vJYee4t3pB
-0.2,2018-04-08 04:03:04+00:00,0.2,0.66,0.15,Maine mayor faces backlash over tweeted insult of Parkland shooting survivor https://t.co/S3XMaVJiES https://t.co/DBBUTIJ6mu
-0.54,2018-04-08 03:58:04+00:00,0.36,0.64,0.0,Trump Tower fire: Victim identified as Todd Brassner https://t.co/U4RlYGS1pP https://t.co/fU0jtFvX6x
-0.74,2018-04-08 03:48:04+00:00,0.41,0.59,0.0,Carolina Panthers linebacker Thomas Davis suspended for PED violation https://t.co/7BzDCEFsHV https://t.co/DqgiRuHqEZ
-0.05,2018-04-08 03:33:04+00:00,0.16,0.68,0.15,Sean Hannity feuds with Jimmy Kimmel over Melania Trump joke https://t.co/BtSlyNTTiy https://t.co/IFVGMtgrwd
-0.49,2018-04-08 03:18:04+00:00,0.24,0.76,0.0,Mission to find a stolen wallet changes one man's life https://t.co/M2PKBnOZyd https://t.co/lxefZwCmae
-0.67,2018-04-08 03:03:05+00:00,0.28,0.72,0.0,Miami dad arrested after 8-year-old son brings loaded gun to school in book bag https://t.co/yYLtrwY2D9 https://t.co/pPLS48WrkC
0.34,2018-04-08 02:48:03+00:00,0.0,0.83,0.17,EPA spent millions on security for embattled chief Scott Pruitt: Report https://t.co/hXgRXKuQME https://t.co/0GcRdRYXvl
0.74,2018-04-08 02:33:03+00:00,0.0,0.64,0.36,Teen who fell into Los Angeles sewer system thanks rescue crews https://t.co/RHidw32sUF https://t.co/IaIUiKKdvp
0.0,2018-04-08 02:18:04+00:00,0.0,1.0,0.0,Doors from New York City's famed Chelsea Hotel head to auction https://t.co/DZoqj5DKel https://t.co/vle0F4pGu3
0.49,2018-04-08 02:03:05+00:00,0.0,0.74,0.26,House Oversight Committee reviewing Scott Pruitt condo agreement https://t.co/tD4sryDIEz https://t.co/qmdfrt1hay
-0.88,2018-04-08 01:48:04+00:00,0.55,0.45,0.0,Condemned killer seen abducting young victim on camera to be resentenced https://t.co/rLMlW7Pbyt https://t.co/yoQ3U7kzvY
0.0,2018-04-08 01:33:04+00:00,0.0,1.0,0.0,Earthquakes in northwest Oklahoma include magnitude 4.6 https://t.co/05DtXXxc2e https://t.co/1PCEblrltg
0.0,2018-04-08 01:18:04+00:00,0.0,1.0,0.0,"Steve Spurrier to coach Orlando team in new spring league, Alliance of American Football https://t.co/2ZGESkSvlp https://t.co/aunv2cNGX1"
0.0,2018-04-08 01:10:04+00:00,0.0,1.0,0.0,California storm: West Coast still drenched after second rainiest day since 1849 Gold Rush https://t.co/x3uf3JwNBu https://t.co/ViYck8P3uk
-0.46,2018-04-08 01:03:03+00:00,0.23,0.77,0.0,YouTube shooting spotlights creators' frustrations with monetization policy changes https://t.co/wwMxHRzu8I https://t.co/wrogEcA0W4
-0.3,2018-04-08 00:48:04+00:00,0.16,0.84,0.0,Northern California rains raise flood concerns; warnings and watches in effect https://t.co/jeGeVqBwET https://t.co/0qy3wdmui3
0.0,2018-04-08 00:33:03+00:00,0.0,1.0,0.0,"Older adults can still grow new brain cells, study finds https://t.co/QvvbLsyHET https://t.co/4DnulQfJO9"
-0.83,2018-04-08 00:31:01+00:00,0.44,0.56,0.0,UPDATE: A civilian has died after a fire broke out in NYC's Trump Tower https://t.co/uf0Gb8XpuC https://t.co/jGuHCT8H5y
-0.75,2018-04-08 00:18:03+00:00,0.33,0.67,0.0,Family outraged after video of toddler frightened by the Easter Bunny goes viral https://t.co/YZYCniGYeM https://t.co/RAao2tYBQE
-0.46,2018-04-08 00:03:04+00:00,0.33,0.67,0.0,"Doctors warn of ""second wave"" of the flu https://t.co/dqBi324C6L https://t.co/zYDcRA1h0N"
-0.67,2018-04-07 23:56:33+00:00,0.27,0.73,0.0,UPDATE: The FDNY commissioner said 1 person is in critical condition and 4 firefighters suffered minor injuries in‚Ä¶ https://t.co/kbxBCa67KM
-0.59,2018-04-07 23:56:04+00:00,0.3,0.7,0.0,"Trump Tower fire: Fire breaks out on 50th floor, FDNY says https://t.co/kizrQ1Fzgo https://t.co/VTiXQpbiu1"
-0.83,2018-04-07 23:48:04+00:00,0.52,0.35,0.13,"Assault weapons ban doesn't violate 2nd Amendment, judge says https://t.co/8lXMOyntXX https://t.co/PAjqxjdzOY"
0.0,2018-04-07 23:33:04+00:00,0.0,1.0,0.0,First grader discovers her ‚Äúnew‚Äù textbook was used by Blake Shelton ‚Äî in 1982 https://t.co/oEL3A8ztlA https://t.co/GQDEeeyNPU
-0.34,2018-04-07 23:18:04+00:00,0.14,0.86,0.0,"""I'm not going to be a Gabby Giffords"": Congressman pulls out gun at constituent meeting https://t.co/jgVR9eUvwj https://t.co/5POjyKMEeT"
-0.62,2018-04-07 23:10:05+00:00,0.29,0.71,0.0,Opioid crisis: Facebook shuts down drug hashtags on Instagram https://t.co/cuIcjS6PWR https://t.co/PNSly4Ea0h
0.34,2018-04-07 23:03:04+00:00,0.0,0.81,0.19,"Homeland Security to compile database of journalists, media influencers https://t.co/7UJs8adrYN https://t.co/Qb9DZzOB2T"
0.36,2018-04-07 23:02:05+00:00,0.0,0.85,0.15,Sean Hannity vows to bash Jimmy Kimmel until he apologizes to Melania Trump https://t.co/F1vuC0pqdw https://t.co/9CHtfktEhu
0.69,2018-04-07 22:55:01+00:00,0.0,0.77,0.23,YouTube's changes to the way people can profit from popular videos were thrust into the spotlight last week after a‚Ä¶ https://t.co/7Z0NIIRNzs
-0.34,2018-04-07 22:48:52+00:00,0.17,0.83,0.0,"President Trump tweeted the fire at NYC's Trump Tower is ""out"" https://t.co/ALSnsTYdUq https://t.co/e3WC9nSDOr"
-0.54,2018-04-07 22:38:57+00:00,0.23,0.77,0.0,JUST IN: Firefighters are battling a fire on the 50th floor of Trump Tower in NYC https://t.co/wAyaj9EdgS https://t.co/9Prxuj040Y
-0.59,2018-04-07 22:35:01+00:00,0.35,0.65,0.0,"Even in gun country, Democrats shift towards gun control https://t.co/HF1DMzkf88 https://t.co/Iwzchknq1I"
0.36,2018-04-07 22:15:23+00:00,0.0,0.84,0.16,‚ÄúI have some rather startling news to tell you.‚Äù-- Where is Marsha Brantley? Join the investigation Saturday at 10/‚Ä¶ https://t.co/n2AWKFs7kT
-0.87,2018-04-07 21:55:01+00:00,0.47,0.53,0.0,"UPDATE: 15 dead, 14 injured after Canadian junior hockey team bus crash
https://t.co/xZNf3yB2pI https://t.co/BKc4AXIvGf"
0.0,2018-04-07 21:35:01+00:00,0.0,1.0,0.0,"""We are sealing up our southern border"": President Trump speaks out on National Guard deployment‚Ä¶ https://t.co/hKULoPNh4D"
-0.36,2018-04-07 21:15:01+00:00,0.13,0.87,0.0,A student gravely wounded while saving his classmates' lives during the Florida school massacre says the county she‚Ä¶ https://t.co/fYESGFCz94
0.0,2018-04-07 20:55:01+00:00,0.0,1.0,0.0,House Oversight Committee has requested and received documents related to EPA chief Scott Pruitt's renting of a con‚Ä¶ https://t.co/0k6oewa1MY
0.66,2018-04-07 20:35:36+00:00,0.0,0.72,0.28,"Researchers are eager to better understand Northern California's ""atmospheric river storm,"" so they're launching we‚Ä¶ https://t.co/HcPJcWq3Gw"
-0.1,2018-04-07 20:15:01+00:00,0.07,0.93,0.0,"A magnitude 4.6 earthquake shook Oklahoma and was also felt in neighboring Kansas and Missouri, according to the U.‚Ä¶ https://t.co/j4aR2vBFyg"
-0.87,2018-04-07 19:56:26+00:00,0.33,0.67,0.0,"""It's got to rip the heart out of your chest ... Horrific, horrific accident."" Toronto @MapleLeafs head coach Mike‚Ä¶ https://t.co/BDthsMNWFJ"
0.03,2018-04-07 19:35:01+00:00,0.1,0.79,0.11,A survivor of the Florida school shooting has joined the Rev. Al Sharpton to announce a June rally against gun viol‚Ä¶ https://t.co/whAqe9xgBY
-0.4,2018-04-07 19:21:25+00:00,0.12,0.88,0.0,"""The driver is not in¬†custody. As part of the¬†process of the investigation,¬†the driver was detained initially.¬†Our‚Ä¶ https://t.co/qsilZy5XpK"
-0.4,2018-04-07 19:19:31+00:00,0.11,0.89,0.0,15 people were sent to the hospital with a variety of injuries after deadly bus crash in Canada and some of the inj‚Ä¶ https://t.co/NSUY8UPS9L
0.3,2018-04-07 19:15:01+00:00,0.09,0.75,0.16,A pair of Pennsylvania goats were rescued after they found themselves in a tricky situation: https://t.co/qlIEHXZNfu https://t.co/uW49I7AQLl
-0.62,2018-04-07 19:14:01+00:00,0.19,0.81,0.0,"""I don't have a lot to say, other than the worst nightmare has happened,"" Saskatchewan Junior Hockey League preside‚Ä¶ https://t.co/dJ79evrMem"
-0.4,2018-04-07 19:07:07+00:00,0.12,0.88,0.0,"""On behalf of the entire Broncos family, our deepest sympathies go to the injured and the deceased and, of course,‚Ä¶ https://t.co/Tl4ZoUtS7e"
-0.68,2018-04-07 19:04:35+00:00,0.28,0.63,0.09,WATCH LIVE: Canadian officials are giving an update on the hockey team bus collision that killed 14 people‚Ä¶ https://t.co/UDDqKzYIBC
-0.54,2018-04-07 18:55:01+00:00,0.26,0.74,0.0,"Will Blake Farenthold reimburse taxpayers for $84,000 harassment settlement?
https://t.co/e6GlLofO3q https://t.co/U0IJYlbmIC"
-0.84,2018-04-07 18:35:01+00:00,0.37,0.63,0.0,Hundreds attend funeral of well-known Palestinian journalist in Gaza who was killed while covering mass protests al‚Ä¶ https://t.co/tE9cC3VLNb
0.48,2018-04-07 18:17:31+00:00,0.0,0.81,0.19,"One eyewitness and resident in Muenster, Germany, says he is feeling less safe after a van crashed into a crowd of‚Ä¶ https://t.co/AwrKr4oaKn"
-0.42,2018-04-07 18:08:12+00:00,0.14,0.86,0.0,"The incident in Muenster, Germany, is being treated as terrorism, but the suspect's identification has not yet been‚Ä¶ https://t.co/Mv0gY13wvt"
-0.76,2018-04-07 17:55:02+00:00,0.37,0.63,0.0,"Charter bus shooting leaves 3 dead in Rockford, Illinois; suspect at large
https://t.co/T5S7wPkiXl https://t.co/PZE2DaR36O"
0.34,2018-04-07 17:35:01+00:00,0.0,0.88,0.12,"President Trump's sons' visit to Dubai this week has costed taxpayers a minimum of $73,000 in security costs, accor‚Ä¶ https://t.co/LG9CogwE4Y"
-0.3,2018-04-07 17:16:01+00:00,0.24,0.76,0.0,"Road collapses in Pittsburgh, prompting evacuations: https://t.co/5zdUQN9FTB https://t.co/X43hRg3ZbZ"
-0.66,2018-04-07 16:55:24+00:00,0.22,0.78,0.0,"Police in Muenster, Germany, said a vehicle crashed into a crowd there, killing several people and injuring others:‚Ä¶ https://t.co/XyDO10SOp7"
-0.8,2018-04-07 16:42:01+00:00,0.32,0.68,0.0,"2 soldiers were killed Friday in an Apache helicopter crash at Fort Campbell in Kentucky, authorities say‚Ä¶ https://t.co/GxmalhEIhv"
-0.53,2018-04-07 16:39:36+00:00,0.14,0.86,0.0,"MORE: Police say a suspicious object has been found in the van that ran into the crowd in Muenster, Germany. They s‚Ä¶ https://t.co/AgqpH88ffa"
0.4,2018-04-07 16:25:01+00:00,0.0,0.86,0.14,"President Trump has begun to informally prepare for a possible interview with special counsel Robert Mueller, CBS N‚Ä¶ https://t.co/XY89SBX6Ry"
-0.65,2018-04-07 16:21:00+00:00,0.18,0.82,0.0,"At least 4 people, including the driver, are dead after a driver plowed into a crowd of people near a pub in Muenst‚Ä¶ https://t.co/5XvhBtCC7n"
0.08,2018-04-07 16:08:07+00:00,0.09,0.82,0.1,"""So far we do not know if the shooter shouted anything. No witnesses have said something like that. What we know is‚Ä¶ https://t.co/za7H2qWGUQ"
-0.53,2018-04-07 16:06:37+00:00,0.15,0.85,0.0,"""We do not know if this was a terror attack,"" Berlin journalist Anna Noryskiewicz says of incident in Muenster, Ger‚Ä¶ https://t.co/FMO1WQBzvV"
-0.61,2018-04-07 15:43:49+00:00,0.23,0.77,0.0,UPDATE: Around 30 people are injured and 6 are in a critical condition after a vehicle crashed into a crowd in Germ‚Ä¶ https://t.co/klVahTCCgA
-0.34,2018-04-07 15:40:01+00:00,0.12,0.88,0.0,"""I'm not going to be a Gabby Giffords"": Republican U.S. Rep. Ralph Norman pulls out gun at constituent meeting‚Ä¶ https://t.co/HWmKvfno9I"
-0.84,2018-04-07 15:28:36+00:00,0.36,0.64,0.0,"MORE: Several dead, others injured after car crashes into crowd in Germany, police say https://t.co/wE3EboRJqU https://t.co/ygaBMcg4BN"
-0.87,2018-04-07 15:20:38+00:00,0.34,0.66,0.0,A tight-knit Canadian community is trying to make sense of a tragedy after 14 people were killed when a truck colli‚Ä¶ https://t.co/MVcVNWrsTq
0.0,2018-04-07 15:12:01+00:00,0.0,1.0,0.0,DEVELOPING: A vehicle reportedly drove into pedestrians in the German city of Muenster; local police confirmed ther‚Ä¶ https://t.co/dx1IUPxQbN
0.0,2018-04-07 15:01:01+00:00,0.0,1.0,0.0,"When an Oklahoma first grader found out she was using the same textbook as country music star @blakeshelton, she wa‚Ä¶ https://t.co/f8Y05dTEB7"
0.34,2018-04-07 14:40:01+00:00,0.0,0.85,0.15,"EPA spent millions on security for embattled chief Scott Pruitt, a new report says https://t.co/mTMFuAa0UC https://t.co/hp8gs5GdII"
0.2,2018-04-07 14:20:00+00:00,0.0,0.91,0.09,The White House sent mixed signals on Friday as financial markets slid from investor concern about a significant tr‚Ä¶ https://t.co/sJBM1pP6Gr
0.0,2018-04-07 14:00:39+00:00,0.0,1.0,0.0,"Steve Spurrier has been announced as the head coach of the inaugural team of the Alliance of American Football, bas‚Ä¶ https://t.co/aVt3GyxbKf"
-0.3,2018-04-07 13:40:01+00:00,0.16,0.84,0.0,"Northern California rains raise flood concerns; warnings and watches in effect
https://t.co/sjDHTUxp2Y https://t.co/8gYBsSVU6T"
-0.79,2018-04-07 13:20:01+00:00,0.29,0.71,0.0,A crash between a transport truck and a bus carrying a junior hockey team in Western Canada left 14 people dead and‚Ä¶ https://t.co/cT28Z1wQVh
-0.65,2018-04-07 13:03:04+00:00,0.3,0.7,0.0,Minneapolis activist shot dead on his mother's front porch https://t.co/pR2ANQzfCh https://t.co/77OLIwwR9r
0.0,2018-04-07 12:48:04+00:00,0.0,1.0,0.0,"2018 Atlantic hurricane season will be slightly above-average, researchers say https://t.co/y6zDG44xsO https://t.co/Zqlr7xhBj9"
0.0,2018-04-07 12:45:08+00:00,0.0,1.0,0.0,"Steve Spurrier to coach Orlando team in new spring league, Alliance of American Football https://t.co/Q624CmNL5Z https://t.co/CUZIHJddLI"
-0.62,2018-04-07 12:33:04+00:00,0.31,0.69,0.0,Deadly violence for 2nd week on Gaza-Israel border https://t.co/tbFfBNWZg0 https://t.co/U8jYWE8l5J
0.48,2018-04-07 12:31:00+00:00,0.0,0.88,0.12,"RT @CBSThisMorning: What was it that drew you back into football?  üèà

""The new rules I really liked. Two and a half hour games, 30 seconds‚Ä¶"
0.0,2018-04-07 12:30:10+00:00,0.0,1.0,0.0,Who is Steve Spurrier? https://t.co/DKlzyg6PfC https://t.co/zdjgDAdUQr
0.0,2018-04-07 12:23:37+00:00,0.0,1.0,0.0,"Just announced on @CBSThisMorning: A new professional spring football league called @TheAAF reveals Orlando, Florid‚Ä¶ https://t.co/09JR70cmfc"
-0.65,2018-04-07 12:18:03+00:00,0.3,0.7,0.0,Details emerge about teens found dead in mine shaft https://t.co/gkUOhjtseR https://t.co/g0uxkFUqDz
-0.75,2018-04-07 12:03:05+00:00,0.33,0.67,0.0,Family outraged after video of toddler frightened by the Easter Bunny goes viral https://t.co/RXYJhN0SyV https://t.co/2qa2MObIeB
-0.3,2018-04-07 11:54:06+00:00,0.16,0.84,0.0,Northern California rains raise flood concerns; warnings and watches in effect https://t.co/OruRQXIEyx https://t.co/yN4J8Ca1Cq
0.0,2018-04-07 11:48:04+00:00,0.0,1.0,0.0,Bald eagle lands on Mariners pitcher James Paxton before game https://t.co/YloMFpvlvg https://t.co/IZEV65Etfn
0.0,2018-04-07 11:33:03+00:00,0.0,1.0,0.0,What is shingles? A look at the virus after Lin-Manuel Miranda's diagnosis https://t.co/V4lOfeD5E7 https://t.co/fAvZynos0N
-0.76,2018-04-07 11:18:04+00:00,0.42,0.58,0.0,"Cops: Woman accused of murdering wife called it a ""mistake"" https://t.co/8CWGlbH3Os https://t.co/pchE5zHS5w"
0.0,2018-04-07 11:03:04+00:00,0.0,1.0,0.0,Police: Mom used kitchen knife to decapitate 7-year-old son https://t.co/ZDznBmhdQ5 https://t.co/JSzxZx5c1f
0.0,2018-04-07 10:48:04+00:00,0.0,1.0,0.0,Police: Mom used kitchen knife to decapitate 7-year-old son https://t.co/NRmjD5sMt3 https://t.co/JxBbJtpYCp
-0.6,2018-04-07 10:47:00+00:00,0.22,0.78,0.0,"RT @CBSThisMorning: AHEAD on @CBSThisMorning Saturday:

üëâ@jillonmoney on potential trade war
üëâ@gdebenedetti talks politics
üëâ@CharlieEbersol‚Ä¶"
-0.08,2018-04-07 10:33:03+00:00,0.15,0.72,0.13,"L.A. residents complain GPS app Waze is creating ""insanity"" on their street https://t.co/VmreDdKMfY https://t.co/9B0X0dNtmZ"
0.72,2018-04-07 10:18:04+00:00,0.0,0.67,0.33,Deck hand saved lives as fishing boat sank; captain's role under investigation https://t.co/mZskkyNt9T https://t.co/GRhnSVbYlJ
0.0,2018-04-07 10:03:04+00:00,0.0,1.0,0.0,"Officer shows off ""stanky leg"" dance moves at Chattanooga Easter egg hunt https://t.co/mUFFq5CHtq https://t.co/hzUsxoj7UJ"
0.0,2018-04-07 09:48:03+00:00,0.0,1.0,0.0,"Alison Krauss, Brad Paisley and others give Johnny Cash's poetry a second life in new album https://t.co/oYvqYZ8zwh https://t.co/48KAAtPYhy"
0.0,2018-04-07 09:33:04+00:00,0.0,1.0,0.0,Lobbyist tied to condo rented by EPA chief Scott Pruitt speaks out https://t.co/5LXWI7z0rq https://t.co/n805TrAVFH
0.0,2018-04-07 09:18:03+00:00,0.0,1.0,0.0,Sisters in service: Carrying on a century-long tradition of military service https://t.co/4P74PYoyUB https://t.co/b7oUXiN66o
0.03,2018-04-08 04:45:33+00:00,0.17,0.64,0.18,"Pilots had safety concerns months before NYC helicopter crash, lawyer says https://t.co/rfrMouo7zZ"
-0.83,2018-04-08 01:34:32+00:00,0.35,0.65,0.0,"A woman was killed and four other people were injured by a lightning strike in White Springs, Florida, the sheriff'‚Ä¶ https://t.co/E8OmlCC3yb"
-0.83,2018-04-08 00:27:18+00:00,0.31,0.69,0.0,"At least one person has died in the fire at Trump Tower in New York. Four firefighters were injured, officials say.‚Ä¶ https://t.co/6RefMrsIdh"
-0.8,2018-04-08 00:18:20+00:00,0.28,0.72,0.0,The body of a female was found in the immediate vicinity of a crash in California that killed at least 5 members of‚Ä¶ https://t.co/8X31g9PQvu
-0.82,2018-04-07 23:49:19+00:00,0.3,0.7,0.0,Several Syrian activist groups say a toxic gas attack killed dozens of people in Ghouta. The Syrian regime says it'‚Ä¶ https://t.co/ypWGIYyAnd
-0.8,2018-04-07 23:29:39+00:00,0.4,0.6,0.0,"1 person was seriously injured in a four-alarm fire at Trump Tower, the New York City Fire Department says‚Ä¶ https://t.co/Lpxzxz6GXs"
-0.78,2018-04-07 21:50:00+00:00,0.27,0.6,0.12,"RT @CNNPolitics: With 16 service members killed in air crashes, a top lawmaker says the ""readiness of the military is at a crisis point"" ht‚Ä¶"
-0.82,2018-04-07 20:06:10+00:00,0.31,0.69,0.0,"The driver in the vehicle attack in Muenster, Germany, that killed two people was a German citizen, a senior German‚Ä¶ https://t.co/rlxpHTjXyN"
-0.67,2018-04-07 19:58:27+00:00,0.2,0.8,0.0,"Four teenagers who killed a man in Toledo, Ohio, when they dropped a sandbag from a highway overpass have been orde‚Ä¶ https://t.co/JXmWtdoEyj"
-0.65,2018-04-07 16:00:34+00:00,0.19,0.81,0.0,Several people are dead after a vehicle drove into a crowd in Germany. Authorities are treating the incident as a d‚Ä¶ https://t.co/XhtGw5KL4F
0.0,2018-04-07 14:10:44+00:00,0.0,1.0,0.0,"RT @CNNPolitics: Secret, direct talks are underway between the US and North Korea https://t.co/fqASxSS3k2 https://t.co/yh3yvF6lD7"
-0.38,2018-04-07 10:58:13+00:00,0.16,0.75,0.09,"Bollywood superstar Salman Khan was granted bail Saturday just a day after he was convicted of illegal poaching, hi‚Ä¶ https://t.co/BxI1QeRLkX"
-0.79,2018-04-07 08:18:29+00:00,0.3,0.7,0.0,A crash between a tractor-trailer and a bus carrying a junior league hockey team left 14 people dead in western Can‚Ä¶ https://t.co/AtTf5G33U2
-0.79,2018-04-07 07:58:48+00:00,0.3,0.7,0.0,A crash between a bus carrying a junior league hockey team and a tractor-trailor left 14 people dead in western Can‚Ä¶ https://t.co/G2xzwQhedu
-0.68,2018-04-07 02:16:52+00:00,0.28,0.72,0.0,"Longtime Trump confidant Roger Stone warns the President could get caught in a ""perjury trap"" if he talks with spec‚Ä¶ https://t.co/wZVnzZokEx"
-0.59,2018-04-07 01:57:36+00:00,0.16,0.84,0.0,Lawyers for Bill Cosby are asking for a juror in his sexual assault trial to be removed after another prospective j‚Ä¶ https://t.co/LZlHuugeqm
0.53,2018-04-07 01:02:53+00:00,0.0,0.85,0.15,Justice Department will let all House and Senate intel committee members review the application DOJ and the FBI use‚Ä¶ https://t.co/14B8UxiXr8
0.0,2018-04-07 00:01:56+00:00,0.0,1.0,0.0,RT @CNNMoney: Boeing clinches deal to sell 47 jets to American Airlines https://t.co/p9BGbSLdM9 https://t.co/jfXe2p3Z9u
0.56,2018-04-07 00:01:51+00:00,0.0,0.78,0.22,A 9-day student sit-in at Howard University ended after officials agreed to give students a greater voice in univer‚Ä¶ https://t.co/hW9ovl9V80
0.4,2018-04-06 23:09:31+00:00,0.0,0.85,0.15,"President Trump has begun informally preparing for a possible interview with special counsel Robert Mueller, source‚Ä¶ https://t.co/PoIVMCSPzY"
0.44,2018-04-06 22:08:39+00:00,0.0,0.81,0.19,Exclusive: A Trump foreign policy adviser played key role in the pursuit of possible Hillary Clinton emails from th‚Ä¶ https://t.co/aT39dQgnPA
0.0,2018-04-06 21:40:58+00:00,0.0,1.0,0.0,RT @CNNPolitics: A classified ads website that has allegedly facilitated prostitution and sex trafficking has been seized by federal law en‚Ä¶
-0.45,2018-04-06 20:16:34+00:00,0.11,0.89,0.0,"Dow closes down more than 570 points. Stocks are still settling, but it‚Äôll be a loss of more than 2% for the Dow. F‚Ä¶ https://t.co/KFqOSSuW0T"
-0.56,2018-04-06 19:05:41+00:00,0.24,0.76,0.0,"The Dow has fallen more than 700 points on Friday, a drop of more than 2% https://t.co/UaK4VSjnsN https://t.co/3iospNTj51"
-0.34,2018-04-06 18:07:07+00:00,0.14,0.86,0.0,RT @CNNMoney: Facebook overhauls rules for political and issue ads to combat election meddling https://t.co/kCBRkgNY6c https://t.co/oSoaDam‚Ä¶
0.34,2018-04-06 17:15:12+00:00,0.0,0.88,0.12,"FBI offers $10,000 for information leading to the capture of a contract airline mechanic who may have played a role‚Ä¶ https://t.co/mY8ryhAImV"
-0.76,2018-04-06 13:32:18+00:00,0.32,0.68,0.0,"Former Russian spy Sergei Skripal is no longer in critical condition following last month's nerve agent attack, UK‚Ä¶ https://t.co/bIHFRpn9iO"
0.0,2018-04-06 13:02:49+00:00,0.0,1.0,0.0,RT @CNNPolitics: BREAKING: The Trump administration unleashes additional sanctions against seven Russian oligarchs with ties to President V‚Ä¶
-0.2,2018-04-06 12:40:57+00:00,0.13,0.77,0.1,"The US economy added 103,000 jobs in March, slower than previous months and well below expectations. Unemployment r‚Ä¶ https://t.co/V5TtRqrBty"
-0.64,2018-04-06 08:34:12+00:00,0.31,0.58,0.11,Ultimate Fighting Championship star Conor McGregor was charged with three counts of assault and one count of crimin‚Ä¶ https://t.co/yE1S0EYiRH
-0.79,2018-04-06 07:08:50+00:00,0.29,0.71,0.0,"A South Korean court has found former President Park Geun-hye guilty on multiple counts of abuse of power, bribery‚Ä¶ https://t.co/sfMgblKLu8"
-0.4,2018-04-06 03:44:20+00:00,0.24,0.64,0.12,Ultimate Fighting Championship star Conor McGregor turned himself in Thursday evening after an alleged bus attack h‚Ä¶ https://t.co/HnOC6jmWKm
0.4,2018-04-06 03:03:48+00:00,0.0,0.87,0.13,RT @CNNPolitics: Special counsel Robert Mueller's prosecutors reveal that they're using information related to the searches of Paul Manafor‚Ä¶
-0.8,2018-04-06 03:03:43+00:00,0.28,0.72,0.0,"RT @CNNPolitics: Vice President Mike Pence recalls meeting the ""courageous"" US Air Force Thunderbird pilot who was killed in a crash https:‚Ä¶"
-0.61,2018-04-05 23:26:35+00:00,0.23,0.7,0.07,"Trump threatened to slap an additional $100 billion in tariffs on China, the latest in a tit-for-tat trade fight be‚Ä¶ https://t.co/glD5LKAuNZ"
0.0,2018-04-05 21:27:06+00:00,0.0,1.0,0.0,"Trump says he did not know about a $130,000 hush payment made to Stormy Daniels, his first public acknowledgment of‚Ä¶ https://t.co/ePfhNl8eFB"
0.32,2018-04-05 19:13:22+00:00,0.06,0.83,0.11,Sears and Delta Air Lines say some customer credit card information may have been exposed in a data breach last yea‚Ä¶ https://t.co/TEe5tYNiUu
-0.3,2018-04-05 17:22:41+00:00,0.11,0.89,0.0,The body of missing CDC scientist Timothy Cunningham is found in an Atlanta river. Police called his disappearance‚Ä¶ https://t.co/FcitNsKYBM
-0.51,2018-04-05 17:03:50+00:00,0.21,0.73,0.06,"Local official says no casualties reported after a fire breaks out at a hospital in Istanbul, causing a number of p‚Ä¶ https://t.co/JOmhu3NbFY"
-0.32,2018-04-05 17:03:35+00:00,0.11,0.89,0.0,US military halts air operations in Djibouti after multiple accidents and at the request of officials there. The Ea‚Ä¶ https://t.co/UTTKirhl2H
0.0,2018-04-05 15:02:15+00:00,0.0,1.0,0.0,"A rare surgeon general's advisory urges more Americans to carry naloxone, a drug also known as Narcan that reverses‚Ä¶ https://t.co/PsT8zXf92F"
-0.79,2018-04-05 09:32:16+00:00,0.32,0.68,0.0,Bollywood star Salman Khan has been sentenced to serve five years in prison after being convicted of illegal poachi‚Ä¶ https://t.co/N1FkZHJdxC
-0.27,2018-04-05 00:32:40+00:00,0.1,0.9,0.0,"A sterilization breach at a Denver hospital may have put patients at risk for infection of HIV, hepatitis B or hepa‚Ä¶ https://t.co/X9UhUAn8JG"
0.0,2018-04-04 23:36:24+00:00,0.0,1.0,0.0,The Trump administration is expected to sanction several Russian oligarchs with ties to President Vladimir Putin ov‚Ä¶ https://t.co/i6OtqZxoCT
0.34,2018-04-04 19:41:48+00:00,0.0,0.86,0.14,"President Trump will deploy National Guard troops to the US-Mexico border, Homeland Security secretary says‚Ä¶ https://t.co/EOmCXYi9Cs"
0.34,2018-04-04 19:35:36+00:00,0.0,0.88,0.12,"Facebook says Cambridge Analytica may have improperly shared information on up to 87 million users, sharply revisin‚Ä¶ https://t.co/xL7GZkTdX2"
0.59,2018-04-04 17:44:17+00:00,0.0,0.81,0.19,"Britain's Prince Philip underwent a successful hip surgery and is now recovering in the hospital, Buckingham Palace‚Ä¶ https://t.co/rChXUuLNBx"
0.0,2018-04-04 17:09:18+00:00,0.0,1.0,0.0,Trump campaign adviser Roger Stone wrote that he dined with Julian Assange on the same day he predicted WikiLeaks d‚Ä¶ https://t.co/vc1wcuADS8
0.0,2018-04-04 16:16:06+00:00,0.0,1.0,0.0,A new YouTube employee and former aide to Sen. Jeff Flake tweets that shootings have touched his life three times i‚Ä¶ https://t.co/EAhvmDADSs
0.27,2018-04-04 15:43:36+00:00,0.0,0.89,0.11,"Planned Parenthood president says Jared Kushner and Ivanka Trump offered a ""bribe"" of increased funding if they'd s‚Ä¶ https://t.co/5fHhHxsiF3"
-0.34,2018-04-04 14:57:19+00:00,0.12,0.82,0.06,A lawyer who prosecuted Nazis and an activist against life sentences for minors will receive the MLK Nonviolent Pea‚Ä¶ https://t.co/6Lc1oGzJQ1
0.0,2018-04-04 13:34:28+00:00,0.0,1.0,0.0,RT @CNNMoney: Dow opens down more than 500 points after China announces plans for steep tariffs on dozens of American goods. https://t.co/A‚Ä¶
0.0,2018-04-04 13:26:31+00:00,0.0,1.0,0.0,"The White House has decided on whether the US will withdraw from Syria, Trump's intel chief says. He does not give‚Ä¶ https://t.co/ABaDP7W4rD"
0.0,2018-04-04 12:37:01+00:00,0.0,1.0,0.0,Facebook CEO Mark Zuckerberg will appear before a Congressional panel regarding the company's use and protection of‚Ä¶ https://t.co/2GSwHiGkex
-0.62,2018-04-04 08:39:07+00:00,0.21,0.79,0.0,"China is firing back in the escalating trade tensions with the US, announcing plans for heavy new tariffs on dozens‚Ä¶ https://t.co/nCnoupoNoW"
0.0,2018-04-04 03:37:58+00:00,0.0,1.0,0.0,"The woman who shot three people at YouTube headquarters in Northern California has been identified, two law enforce‚Ä¶ https://t.co/td6opfPtjc"
0.67,2018-04-04 01:08:19+00:00,0.0,0.76,0.24,Special counsel Mueller has told Trump's lawyers that the President is not currently a criminal target of the Russi‚Ä¶ https://t.co/bqt6HyI1Iz
-0.32,2018-04-03 22:54:58+00:00,0.11,0.89,0.0,"The shooter at YouTube HQ is believed to have known at least one of the victims, officials say‚Ä¶ https://t.co/BFsmsoSOzv"
0.0,2018-04-03 21:57:34+00:00,0.0,1.0,0.0,"The Trump administration proposes tariffs on about 1,300 Chinese goods, targeting industries including aerospace, t‚Ä¶ https://t.co/qefXwTtgqP"
-0.74,2018-04-03 21:55:26+00:00,0.25,0.75,0.0,"At least four people wounded at YouTube HQ, San Bruno police chief says. Suspected shooter is dead after she appare‚Ä¶ https://t.co/FUy9IFba6s"
-0.74,2018-04-03 21:45:22+00:00,0.31,0.69,0.0,"The suspected shooter at YouTube headquarters in California was a woman and is dead, officials say.‚Ä¶ https://t.co/9rCHv6jbSJ"
0.0,2018-04-03 21:12:43+00:00,0.0,1.0,0.0,"Ambulances are transporting patients to hospitals after a shooting was reported at YouTube headquarters, officials‚Ä¶ https://t.co/1xIiBiORWw"
0.0,2018-04-03 20:35:21+00:00,0.0,1.0,0.0,"Police are responding to reports of a shooting at YouTube headquarters in San Bruno, California‚Ä¶ https://t.co/ZEGMXseckQ"
0.19,2018-04-03 20:08:53+00:00,0.1,0.74,0.17,"RT @CNNMoney: Dow jumps 388 points, recapturing most of Monday's drop. Amazon rebounds 1.5% after volatile day. Nasdaq gains 1%. https://t.‚Ä¶"
0.18,2018-04-03 17:49:26+00:00,0.0,0.92,0.08,"The President is taking questions with Baltic leaders. Earlier, he told them, ""nobody has been tougher on Russia"" t‚Ä¶ https://t.co/jzbHNzB0pF"
0.0,2018-04-03 17:29:26+00:00,0.0,1.0,0.0,President Trump says the US military will be used to guard the border with Mexico until a wall is built‚Ä¶ https://t.co/eGCgis2vF4
-0.78,2018-04-03 16:14:36+00:00,0.3,0.7,0.0,"A Dutch lawyer is the first person sentenced in the Russia probe, getting 30 days in prison for lying to Mueller's‚Ä¶ https://t.co/WdAWbJzgDh"
0.0,2018-04-03 15:37:16+00:00,0.0,1.0,0.0,"Prince Philip, the 96-year-old husband of the UK's Queen Elizabeth II, is in the hospital today for planned hip sur‚Ä¶ https://t.co/06q7VSw7GY"
-0.92,2018-04-03 15:16:17+00:00,0.39,0.61,0.0,"The UN says the ongoing war in Yemen is now the world's worst humanitarian crisis, with more than 22 million people‚Ä¶ https://t.co/sU1Adc3dse"
0.0,2018-04-03 14:41:36+00:00,0.0,1.0,0.0,The White House confirmed EPA Administrator Pruitt spoke with the President last night. Trump offered Pruitt encour‚Ä¶ https://t.co/BCDg8hsZdo
0.13,2018-04-03 13:56:56+00:00,0.0,0.89,0.11,"RT @CNNPolitics: Beto O'Rourke, Ted Cruz's Senate challenger, raises a hefty $6.7M https://t.co/U30Wl6YXFh https://t.co/nBcNw1kAgs"
-0.51,2018-04-03 13:38:37+00:00,0.18,0.82,0.0,RT @CNNMoney: Dow rebounds 100 points after Monday's drop. Tesla soars 6% after saying no need to raise money this year. https://t.co/A9OlU‚Ä¶
-0.64,2018-04-03 13:19:52+00:00,0.29,0.71,0.0,Train services severely disrupted in France as rail workers strike over proposed labor reforms. Walkouts are planne‚Ä¶ https://t.co/aMP43GwQtP
0.0,2018-04-03 13:00:32+00:00,0.0,1.0,0.0,"General Motors ends its decades-long practice of reporting monthly sales, saying quarterly reports are more useful‚Ä¶ https://t.co/YKlnbyJfcm"
-0.08,2018-04-03 12:28:14+00:00,0.06,0.94,0.0,"The UK's Environment Secretary says the country is set to introduce one of the world's toughest ivory bans, with a‚Ä¶ https://t.co/OtN5JgLLov"
-0.87,2018-04-03 09:05:20+00:00,0.35,0.65,0.0,"A Kuwaiti court has sentenced a Lebanese man and his wife to death in absentia for the murder of a Filipina maid, t‚Ä¶ https://t.co/vVyZkTscly"
0.77,2018-04-03 03:45:16+00:00,0.0,0.72,0.28,Villanova beats Michigan 79-62 to win the US men‚Äôs college basketball championship for second time in three years‚Ä¶ https://t.co/lzuKzdvAwg
0.15,2018-04-03 01:28:21+00:00,0.1,0.77,0.13,Dating app Grindr says it will stop sharing the HIV status of its users with other companies https://t.co/7NtaAF6rza https://t.co/6ZOyAKKjHo
0.0,2018-04-03 00:55:13+00:00,0.0,1.0,0.0,RT @CNNPolitics: The White House is looking into EPA Administrator Scott Pruitt's housing situation https://t.co/zBzqgUj4lH https://t.co/J2‚Ä¶
0.53,2018-04-03 00:48:01+00:00,0.0,0.87,0.13,RT @CNNPolitics: The Justice Department announces it will evaluate immigration judges on how many cases they close and how fast they hear c‚Ä¶
-0.3,2018-04-03 00:23:13+00:00,0.14,0.86,0.0,RT @CNNMoney: The Trump administration aims to lower drug prices for seniors https://t.co/6G52sxBAEh https://t.co/JJCx3bKASi
0.4,2018-04-02 23:10:53+00:00,0.0,0.88,0.12,"RT @CNNPolitics: Special counsel Robert Mueller is looking into Roger Stone's ties to WikiLeaks, The Wall Street Journal reports https://t.‚Ä¶"
0.13,2018-04-02 22:42:52+00:00,0.0,0.91,0.09,A Florida middle school teacher who hosted a white supremacist podcast that she called satire has resigned‚Ä¶ https://t.co/BevpUM0JSd
-0.34,2018-04-02 21:32:33+00:00,0.1,0.9,0.0,"Democratic Rep. Elizabeth Esty, who is under fire for how she handled the dismissal of her chief of staff, says she‚Ä¶ https://t.co/3NBiXa1smL"
-0.69,2018-04-02 20:36:00+00:00,0.24,0.76,0.0,"Fake marijuana is tied to 56 cases of severe bleeding in Illinois, including two deaths. The state's health departm‚Ä¶ https://t.co/Zog1PKnztO"
-0.74,2018-04-02 20:21:06+00:00,0.28,0.66,0.06,RT @CNNMoney: BREAKING: The Dow drops 459 points as trade tensions rise. Amazon loses 5% after Trump's Twitter attacks on the internet reta‚Ä¶
0.0,2018-04-02 19:54:09+00:00,0.0,1.0,0.0,"A dingy, old painting found in an Iowa art gallery's closet turns out to be the work of a 16th-century Dutch master‚Ä¶ https://t.co/KFBoYmXijf"
0.23,2018-04-02 19:04:06+00:00,0.0,0.9,0.1,"Trump's lawyer begins the process of appealing a judge's decision to allow a defamation case brought by a former ""A‚Ä¶ https://t.co/XsHSokdhNx"
-0.1,2018-04-02 18:34:00+00:00,0.09,0.91,0.0,RT @CNNMoney: Coal power company files for bankruptcy and asks Trump for a bailout https://t.co/DdxsqCZg9F https://t.co/NXlPwRjrfT
-0.46,2018-04-02 18:13:54+00:00,0.14,0.86,0.0,"Asheville, North Carolina, is expected to release videos from nine police body cameras related to the beating and t‚Ä¶ https://t.co/4Y3qE0269k"
0.53,2018-04-02 17:17:07+00:00,0.0,0.85,0.15,Trump says the Justice Department and FBI are dragging their feet in handing over documents to Congress related to‚Ä¶ https://t.co/5AZHZptziG
-0.25,2018-04-02 16:58:16+00:00,0.1,0.9,0.0,"Oklahoma City public schools are cancelled tomorrow due to a teacher walk out. In Kentucky, teachers are protesting‚Ä¶ https://t.co/yQP7cD3QzJ"
-0.72,2018-04-02 16:09:13+00:00,0.33,0.59,0.08,"RT @CNNMoney: Dow drops 500 points as Amazon tumbles, trade war fears rise https://t.co/LTK27mh7dn https://t.co/IXjUlHYSio"
-0.53,2018-04-02 15:41:14+00:00,0.19,0.81,0.0,Abiye Ahmed is sworn in as prime minister of Ethiopia after weeks of uncertainty and protest. His appointment is th‚Ä¶ https://t.co/1qdThODBJd
0.0,2018-04-02 15:23:04+00:00,0.0,1.0,0.0,"Trump and Putin talked about possible White House talks in the ""not-too-distant future"" during a phone call last mo‚Ä¶ https://t.co/KmfFBeR9bN"
-0.56,2018-04-02 14:31:15+00:00,0.18,0.82,0.0,"Winnie Mandela, anti-apartheid activist and former wife of late South African President Nelson Mandela, has died at‚Ä¶ https://t.co/gRQRDKUJK4"
0.0,2018-04-02 13:35:09+00:00,0.0,1.0,0.0,RT @CNNMoney: Stocks start the 2nd quarter in the red. Dow drops 50 points. Humana jumps 5% on report of Walmart takeover talks. https://t.‚Ä¶
0.0,2018-04-02 13:06:50+00:00,0.0,1.0,0.0,"President Trump will host Japanese Prime Minster Shinzo Abe at Mar-a-Lago on April 17 and 18, the White House says‚Ä¶ https://t.co/YQrD7aVJYM"
-0.56,2018-04-02 12:09:11+00:00,0.15,0.85,0.0,Ex-Veterans Affairs Secretary David Shulkin says he got a heads up from Trump's chief of staff that he'd be fired i‚Ä¶ https://t.co/ruYwKxo1Ap
0.36,2018-04-02 01:45:42+00:00,0.0,0.89,0.11,"RT @CNN: Steven Bochco, a producer whose boundary-pushing series like ""Hill Street Blues"" and ""NYPD Blue"" helped define the modern TV drama‚Ä¶"
0.0,2018-04-08 05:10:34+00:00,0.0,1.0,0.0,Why does bar soap clog the bathroom drain? https://t.co/JwRqjyI68o
-0.34,2018-04-08 04:52:12+00:00,0.23,0.77,0.0,Rangers Fire Alain Vigneault After Rare Playoff-Less Season https://t.co/3K8ja2BIjk
0.54,2018-04-08 04:50:03+00:00,0.05,0.77,0.18,"""I am looking for comfort books, in the way that others turn to comfort food in tough times. Do you have any more i‚Ä¶ https://t.co/0iQk4kNXss"
0.15,2018-04-08 04:33:06+00:00,0.0,0.9,0.1,"The stars of ""Jersey Shore"" and ""Trading Spaces"" return for reboots wiser, but not warier https://t.co/hxDR7ssQHf"
0.5,2018-04-08 04:15:23+00:00,0.0,0.87,0.13,"‚ÄúThere‚Äôs so much more to Jay Pharoah. I‚Äôm a pi√±ata, man. You hit me, I bust open with all this talent. You get a Re‚Ä¶ https://t.co/r8bvASZDhS"
0.0,2018-04-08 03:56:21+00:00,0.0,1.0,0.0,"Her company, 23andMe, does DNA tests that can tell you what countries your ancestors were from or what genetic dise‚Ä¶ https://t.co/NaCr66hTQi"
0.32,2018-04-08 03:39:49+00:00,0.0,0.9,0.1,Meg Wolitzer wanted less to write some sort of State of Feminism novel than to explore ideas that have been marinat‚Ä¶ https://t.co/IRzTFF9W5o
-0.3,2018-04-08 03:20:46+00:00,0.18,0.82,0.0,Make your own oven-roasted chicken shawarma. No food cart necessary. https://t.co/JGTP43IUwT
0.0,2018-04-08 03:01:34+00:00,0.0,1.0,0.0,John Kasich is not *not* running for president https://t.co/Mvv7xojFEz
0.0,2018-04-08 02:45:24+00:00,0.0,1.0,0.0,The yearbook staff at Marjory Stoneman Douglas High School knew they'd have to memorialize the shooting in their ye‚Ä¶ https://t.co/Xay7Z2dsxr
0.0,2018-04-08 02:28:17+00:00,0.0,1.0,0.0,Take extra caution with obscure tech brands. Take a pause and do some research. https://t.co/qBLP7J8d2k
0.0,2018-04-08 02:11:12+00:00,0.0,1.0,0.0,"Neither a traditional tutor nor a straight-up therapist, a ""homework therapist"" is an amalgam of the two https://t.co/abx6za5LLg"
0.0,2018-04-08 01:56:45+00:00,0.0,1.0,0.0,"‚ÄòBig Brother‚Äô in India Requires Fingerprint Scans for Food, Phones and Finances https://t.co/XVdURtZ6hi"
-0.69,2018-04-08 01:49:46+00:00,0.21,0.79,0.0,The tiny elevator in a Brooklyn housing project will forever be tainted by the murder of a 6-year-old inside nearly‚Ä¶ https://t.co/L1CyDzBru1
0.66,2018-04-08 01:33:12+00:00,0.0,0.77,0.23,"""My parents don‚Äôt want to just throw money around now. I‚Äôm getting a great education at a fraction of the cost."" https://t.co/s0SkPCiYb3"
-0.76,2018-04-08 01:14:22+00:00,0.48,0.52,0.0,Poison Gas Attack Reported by Syrian Anti-Government Activists https://t.co/OMPF0xpd7x
0.03,2018-04-08 01:12:03+00:00,0.14,0.71,0.15,"Evan Rachel Wood has turned her trauma into good. On ""Westworld"" and in life. https://t.co/usjnP8YMav https://t.co/zM1UBvTNf1"
0.0,2018-04-08 00:54:49+00:00,0.0,1.0,0.0,"Some airlines are embracing the idea of healthier flying, offering calorie-conscious menus and new exercise videos https://t.co/FUWLkhx4TN"
0.0,2018-04-08 00:37:48+00:00,0.0,1.0,0.0,Paleontologists have discovered dozens of jumbo-size footprints belonging to dinosaurs that lived 170 million years‚Ä¶ https://t.co/7PSERESmVB
0.0,2018-04-08 00:17:33+00:00,0.0,1.0,0.0,"Emma Gonz√°lez. 
Rose McGowan. 
The Dora Milaje soldiers in Black Panther. 
Natalie Portman in ‚ÄúV for Vendetta."" 
Ch‚Ä¶ https://t.co/rbGmXRrjcZ"
0.25,2018-04-08 00:01:10+00:00,0.14,0.65,0.21,"NEWS ANALYSIS: Though Deadly, Gaza Protests Draw Attention and Enthusiasm https://t.co/HXLmKi9lFp"
-0.03,2018-04-07 23:54:14+00:00,0.22,0.57,0.21,"Last fall, we shared readers' 13-word stories of romance, obsession and heartbreak. Here are some more of the thous‚Ä¶ https://t.co/g3eMYasllp"
-0.23,2018-04-07 23:38:00+00:00,0.11,0.82,0.07,"Once you immerse yourself in the tasty, convenient world of sheet-pan suppers, you won‚Äôt want to stop https://t.co/uVuyCowd0C"
0.74,2018-04-07 23:21:07+00:00,0.0,0.72,0.28,The snow monkeys of Japan like a nice warm bath. Scientists wanted to find out the real reason they sought out the‚Ä¶ https://t.co/m0DcYjlvbW
0.0,2018-04-07 23:02:16+00:00,0.0,1.0,0.0,"Children‚Äôs Books: If Graphic Novels Are Hip for Adults, Why Not Picture Books? https://t.co/CFsPm9Mj1w"
-0.34,2018-04-07 22:53:21+00:00,0.19,0.81,0.0,"Fire Breaks Out at Trump Tower in Manhattan, Police Say https://t.co/7QTTQLIGy8"
-0.36,2018-04-07 22:50:31+00:00,0.24,0.76,0.0,Opinion: Mark Zuckerberg Can Still Fix This Mess https://t.co/6fyEudwKP4
-0.53,2018-04-07 22:33:46+00:00,0.21,0.79,0.0,She was photographed extending her middle finger at Trump's motorcade. Then she lost her job. Now she's suing. https://t.co/jar4XaGnHO
-0.18,2018-04-07 22:13:50+00:00,0.17,0.7,0.13,"Breaking News: Brazil‚Äôs former president surrendered to begin a 12-year prison term for corruption, a stunning fall‚Ä¶ https://t.co/ONp9cgIIOs"
0.0,2018-04-07 22:10:32+00:00,0.0,1.0,0.0,Ex-President ‚ÄòLula‚Äô of Brazil Surrenders to Serve 12-Year Jail Term https://t.co/jzaxWVHl0u
0.0,2018-04-07 22:00:19+00:00,0.0,1.0,0.0,"South Carolina's former first lady, Jenny Sanford, wasn‚Äôt looking to remarry after her high-profile divorce, until‚Ä¶ https://t.co/8dXoWv4Bj6"
0.34,2018-04-07 21:45:05+00:00,0.0,0.89,0.11,"Of all possible family heirlooms, a home is perhaps the most complicated: a thing of tangible value, that can be li‚Ä¶ https://t.co/pM4qfyrUkc"
0.57,2018-04-07 21:30:13+00:00,0.0,0.78,0.22,"On Montana‚Äôs Flathead Indian Reservation, basketball is about much more than winning https://t.co/R6HCZlOY2K https://t.co/lnYB63q7qx"
0.0,2018-04-07 21:22:04+00:00,0.0,1.0,0.0,"The Humboldt Broncos were on their way to a playoff game when a tractor-trailer collided with their bus, the Canadi‚Ä¶ https://t.co/eRe0Icsi0B"
0.6,2018-04-07 21:15:04+00:00,0.0,0.75,0.25,"Have a craving for craving for deep, dark pools of warm chocolate, sweet pecans and fragrant coconut? https://t.co/WAUWTviKQw"
-0.4,2018-04-07 21:00:06+00:00,0.28,0.72,0.0,Are you wasting your money on supplements? https://t.co/oSCmQfndbO
0.0,2018-04-07 20:49:33+00:00,0.0,1.0,0.0,What choices can you make in your day-to-day to lessen your personal impact on the environment? Here's our guide.‚Ä¶ https://t.co/br2y2XiWBV
0.0,2018-04-07 20:30:04+00:00,0.0,1.0,0.0,"The Brooklyn Museum defended its decision to hire a white person as an African art consulting curator, which some c‚Ä¶ https://t.co/ahJFJEcmoK"
0.0,2018-04-07 20:15:04+00:00,0.0,1.0,0.0,"Bukhara, Uzbekistan, was once home to one of the world's oldest and largest Jewish communities, but now has, accord‚Ä¶ https://t.co/vH5YSnFV6s"
0.0,2018-04-07 20:00:13+00:00,0.0,1.0,0.0,"RT @nytopinion: ""Many men don‚Äôt know how to interpret female behavior in bed unless it replicates a porno film.‚Äù https://t.co/br1EsgZ6g3 ht‚Ä¶"
0.0,2018-04-07 19:50:03+00:00,0.0,1.0,0.0,"Long-term use of the medications is surging in the U.S., according to an analysis by The New York Times. One reason‚Ä¶ https://t.co/Kzr870Po57"
-0.8,2018-04-07 19:45:20+00:00,0.31,0.69,0.0,"Update: 2 people were killed and many others  were injured in western Germany, after a driver crashed a small truck‚Ä¶ https://t.co/Z7i87szKF9"
-0.6,2018-04-07 19:32:05+00:00,0.18,0.77,0.06,"In @NYTOpinion

The editorial board writes, ""Ben Carson is not the first housing secretary to betray the landmark F‚Ä¶ https://t.co/lnASOFfZ4M"
0.0,2018-04-07 19:17:07+00:00,0.0,1.0,0.0,"It was his birthday and wedding anniversary on Saturday. But Russell Crowe held a ""divorce"" auction. https://t.co/VeDnWQZz0E"
0.0,2018-04-07 19:02:06+00:00,0.0,1.0,0.0,Trump issued a memo directing his administration to move quickly to bring an end to the practice of ‚Äúcatch and rele‚Ä¶ https://t.co/aSaSJmynmC
0.0,2018-04-07 18:47:06+00:00,0.0,1.0,0.0,"An exhibition and new book look at how the Rev. Dr. Martin Luther King Jr. and Robert F. Kennedy ascended ""the same‚Ä¶ https://t.co/aE9DaDMVML"
-0.63,2018-04-07 18:34:03+00:00,0.28,0.59,0.12,"Breaking News: Before a helicopter crash killed 5 people in March, pilots asked for more suitable safety gear: ‚ÄúWe‚Ä¶ https://t.co/tl3KSlJNBk"
-0.8,2018-04-07 18:32:06+00:00,0.3,0.7,0.0,"At least 3 people were killed and many others injured in western Germany, after a driver crashed a small truck into‚Ä¶ https://t.co/Yjj5QiyFcX"
0.61,2018-04-07 18:27:21+00:00,0.06,0.73,0.21,As Trump moves to fulfill one of the central promises of his campaign ‚Äî to get tough on China ‚Äî he faces a potentia‚Ä¶ https://t.co/mvqiInazRZ
0.57,2018-04-07 18:02:05+00:00,0.0,0.83,0.17,Many American Jews mark the end of Passover by wolfing down pizzas. Moroccan Jews celebrate with a more established‚Ä¶ https://t.co/bMgfJzGWh1
0.3,2018-04-07 17:54:53+00:00,0.11,0.68,0.21,"No matter how much free time you have this weekend, we have TV recommendations for you https://t.co/8SLQjNlbDB"
-0.3,2018-04-07 17:36:47+00:00,0.12,0.88,0.0,"Federal authorities have taken down Backpage, which has been repeatedly accused of enabling prostitution and sex tr‚Ä¶ https://t.co/jpHJSqzYWL"
0.0,2018-04-07 17:18:37+00:00,0.0,1.0,0.0,"In @NYTOpinion

Op-Ed Contributor Moises Velasquez-Manoff writes, ""New research suggests that some of the additives‚Ä¶ https://t.co/jq0ng6wdau"
-0.44,2018-04-07 17:02:04+00:00,0.16,0.76,0.08,"The death of Judge Stephen Reinhardt, combined with other vacancies, means Trump has the chance to push the Ninth C‚Ä¶ https://t.co/bU8lCpHTUG"
-0.46,2018-04-07 16:47:02+00:00,0.14,0.86,0.0,A sociologist chronicled the human toll of eviction in Milwaukee in a 2016 book. A new project may reveal just how‚Ä¶ https://t.co/hyLRzkuNWC
0.36,2018-04-07 16:32:06+00:00,0.0,0.84,0.16,"A number of NFL cheerleading teams will stage auditions this weekend, and many women will try out. But in the‚Ä¶ https://t.co/Po5SXqjfFW"
0.61,2018-04-07 16:17:04+00:00,0.0,0.79,0.21,"Is the doctor in? In this new medical age of urgent care centers and retail clinics, that‚Äôs not a simple question. https://t.co/RZoInkBila"
0.2,2018-04-07 16:02:05+00:00,0.1,0.77,0.14,Some conservatives said they were worried that Scott Pruitt was more interested in media attention than policy and‚Ä¶ https://t.co/c1e5OWINLI
-0.53,2018-04-07 15:47:03+00:00,0.19,0.73,0.08,"Salman Khan, the Bollywood star, was granted bail after being convicted of killing 2 rare antelopes, the latest twi‚Ä¶ https://t.co/KFbvFJCrnj"
-0.28,2018-04-07 15:32:02+00:00,0.12,0.8,0.08,H.R. McMaster played down personal animosities with Trump but left little doubt that he and the president had diffe‚Ä¶ https://t.co/zEWj6hWeuH
0.46,2018-04-07 15:17:04+00:00,0.0,0.88,0.12,Men were more than 3 times as likely as women to say they were smarter than the classmate with whom they worked mos‚Ä¶ https://t.co/yPjPQMwDlZ
-0.59,2018-04-07 15:02:03+00:00,0.24,0.76,0.0,"Uncertainty remains in Washington, where lawmakers, lobbyists and even White House officials struggled to discern h‚Ä¶ https://t.co/hbiNGUBy1f"
0.36,2018-04-07 14:47:05+00:00,0.0,0.88,0.12,John Bolton and Mike Pompeo both have ties to individuals and groups promoting a worldview that regards Islam not s‚Ä¶ https://t.co/574L8TMBiT
0.0,2018-04-07 14:32:04+00:00,0.0,1.0,0.0,Your weekend playlist has arrived https://t.co/2CMCSgMy6j
0.0,2018-04-07 14:17:04+00:00,0.0,1.0,0.0,"Broccoli salads are a dime a dozen, but this one is a game-changing celebration of flavors, colors and textures https://t.co/jLcOBTpnyF"
0.01,2018-04-07 14:02:09+00:00,0.09,0.82,0.09,Tiger Woods barely qualified to play the rest of The Masters and Phil Mickelson made the cut by only a stroke https://t.co/SNguV3YRWz
-0.71,2018-04-07 13:47:44+00:00,0.38,0.5,0.11,On Washington: Judge‚Äôs Death Gives Trump a Chance to Remake a Vexing Court https://t.co/zkfEzLU77g
0.0,2018-04-07 13:41:06+00:00,0.0,1.0,0.0,His wife's therapist told her to write a letter to his therapist. Did that cross a line? https://t.co/NAqHsG3VWr
-0.67,2018-04-07 13:31:00+00:00,0.2,0.8,0.0,At least 14 people were killed after a tractor-trailer collided with a bus filled with members of the Humboldt Bron‚Ä¶ https://t.co/IcvXfcDOry
0.36,2018-04-07 13:21:03+00:00,0.0,0.87,0.13,The Vikings traveled long distances at the mercy of weather without magnetic compasses. Scientists developed new ev‚Ä¶ https://t.co/BIaPSPEHbH
0.28,2018-04-07 13:02:07+00:00,0.06,0.82,0.11,"Modern Love: ""I‚Äôm not sure it‚Äôs possible to justify my liaisons with married men, but what I learned from having th‚Ä¶ https://t.co/LZJRemrYOw"
0.0,2018-04-07 12:41:06+00:00,0.0,1.0,0.0,The New York Times movie review of ‚ÄúBlockers‚Äù https://t.co/LcWMXoO37A
-0.13,2018-04-07 12:31:08+00:00,0.13,0.87,0.0,Surgery Lit by Cellphone: Togo Doctors Strike Over Deplorable Hospitals https://t.co/O1F2RVhRna
0.33,2018-04-07 12:21:02+00:00,0.0,0.86,0.14,"There isn‚Äôt one perfect beef stew, but constellations of them. The dish is practically universal. https://t.co/rPuOEbXLqZ"
0.0,2018-04-07 12:02:09+00:00,0.0,1.0,0.0,"There are far more Democratic House candidates than at any time in the last quarter-century, and the filing period‚Ä¶ https://t.co/PZ34k7vWQR"
0.44,2018-04-07 11:55:33+00:00,0.0,0.8,0.2,"The Week in Good News: Sweater Man, Matt Parziale and Snow Monkeys https://t.co/Wxdmw4VCIS"
0.0,2018-04-07 11:44:00+00:00,0.0,1.0,0.0,Why Trump‚Äôs Tariffs Could Raise the Cost of a Hip Replacement https://t.co/KfPIpkJxDS
0.34,2018-04-07 11:41:04+00:00,0.0,0.88,0.12,"Private jets, fancy furniture, 24-hour security: Here are some of the big-ticket items Scott Pruitt wanted ‚Äî some o‚Ä¶ https://t.co/1lFdjrVtHq"
-0.61,2018-04-07 11:21:04+00:00,0.21,0.79,0.0,The Kushner family appeared to have struck a deal to buy out its partner in the troubled Fifth Avenue skyscraper at‚Ä¶ https://t.co/qf4AkZlP07
0.03,2018-04-07 11:02:03+00:00,0.0,0.95,0.05,"RT @nytopinion: Before you reach for those chips, consider this: You're not just feeding yourself, you're also feeding the bacteria living‚Ä¶"
0.0,2018-04-07 10:41:09+00:00,0.0,1.0,0.0,Our business columnist @JamesStewartNYT took a drive in Tesla's Model 3 to size up the car and the Autopilot system‚Ä¶ https://t.co/JCbQ4ENRlq
0.3,2018-04-07 10:25:01+00:00,0.0,0.83,0.17,"In the World of N.F.L. Cheerleading, Are the Boos Getting Louder? https://t.co/wcGNcWxJ8t"
-0.6,2018-04-07 10:09:53+00:00,0.38,0.62,0.0,How to stop wasting money and finally start a budget https://t.co/UAy58ooQjl
-0.76,2018-04-07 09:51:24+00:00,0.52,0.48,0.0,Review: ‚ÄòChappaquiddick‚Äô Revisits a Grim ‚Äô60s Kennedy Scandal https://t.co/qZppYOIwnk
0.46,2018-04-07 09:43:02+00:00,0.11,0.69,0.2,"RT @NYTObits: He helped save 600 children from the Nazis but regretted that he couldn't save more. Johan van Hulst, one of the Righteous Am‚Ä¶"
-0.54,2018-04-07 09:39:49+00:00,0.23,0.77,0.0,They Did 30 Years for Someone Else‚Äôs Crime. Then Paid for It. https://t.co/0WTCU6esQC
-0.05,2018-04-07 09:22:39+00:00,0.11,0.79,0.1,"""I admit that I approached 'Chappaquiddick' with a measure of skepticism and a tremor of dread,"" @aoscott writes https://t.co/wxb32w1pi3"
-0.15,2018-04-07 09:06:27+00:00,0.28,0.49,0.23,Doctors: A Harder Death for People With Intellectual Disabilities https://t.co/UqskYChEYq
-0.4,2018-04-07 08:56:48+00:00,0.25,0.75,0.0,A play-by-play recap of the rising U.S.-China trade tensions https://t.co/lsYKUvwWYL
0.0,2018-04-07 08:38:04+00:00,0.0,1.0,0.0,RT @nytimesworld: A Ukrainian lawmaker tried to investigate Paul Manafort‚Äôs former office manager in Kiev for ties to Russian intelligence‚Ä¶
0.25,2018-04-07 08:17:36+00:00,0.0,0.92,0.08,RT @nytopinion: .@Edsall: The election of Donald Trump ‚Äî built as it was on several long-term trends that converged in 2016 ‚Äî has created a‚Ä¶
0.4,2018-04-07 07:58:42+00:00,0.0,0.72,0.28,Tip #1: Ask your airline for help https://t.co/TlVwg0EzGI
-0.38,2018-04-07 07:40:35+00:00,0.24,0.76,0.0,5 plants and animals utterly confused by climate change https://t.co/FHBfPRQV5B
-0.46,2018-04-07 07:22:03+00:00,0.23,0.66,0.11,"136 years after his death by hanging, he has been officially pardoned. https://t.co/A3YmpdayLS"
0.0,2018-04-07 07:07:24+00:00,0.0,1.0,0.0,"RT @nytgraphics: There are far more Democratic House candidates than at any time in the last quarter-century, and the filing period has not‚Ä¶"
0.4,2018-04-07 06:48:27+00:00,0.0,0.75,0.25,Personal Health: Studies Show Little Benefit in Supplements https://t.co/X3mLFoHRnv
0.0,2018-04-07 06:34:11+00:00,0.0,1.0,0.0,"ABC pulled an episode of ‚ÄúBlack-ish.‚Äù Now Kenya Barris, the show's creator, is said to be looking for an early exit‚Ä¶ https://t.co/17QXllWFp2"
0.36,2018-04-07 06:17:02+00:00,0.0,0.9,0.1,"RT @gettleman: ‚ÄúBeing a Dalit in India is like being on the battlefield,‚Äô‚Äô said a Dalit activist. ‚ÄúEveryday and every minute you will be re‚Ä¶"
0.0,2018-04-07 05:56:52+00:00,0.0,1.0,0.0,Paleontologists have discovered dozens of jumbo-size footprints belonging to dinosaurs that lived 170 million years‚Ä¶ https://t.co/m8UlDEQ46J
0.15,2018-04-07 05:38:47+00:00,0.16,0.65,0.19,In the mood for a great foreign crime show? Here are 11 you can stream tonight. https://t.co/NCe5EMOlev
-0.42,2018-04-08 05:13:00+00:00,0.13,0.87,0.0,".@DiamondandSilk: ""I think what's sexist is the fact that @MichelleObama is trying to make women feel guilty for no‚Ä¶ https://t.co/jOko3fCBZ6"
0.34,2018-04-08 05:08:00+00:00,0.0,0.88,0.12,"""We have to secure the border.""

On @WattersWorld, Brandon Judd, President of the 
National Border Patrol Council,‚Ä¶ https://t.co/WeWEJcSDk0"
0.63,2018-04-08 05:03:00+00:00,0.0,0.8,0.2,"‚ÄúI really feel that God opened the door for our family to have that opportunity, &amp; I just really wanted to express‚Ä¶ https://t.co/1A9hB5cZJu"
-0.36,2018-04-08 04:58:00+00:00,0.13,0.87,0.0,"On ""Cavuto Live,"" Escondido @MayorSamAbed told @TeamCavuto that he was ""fighting for our sovereignty"" against the ""‚Ä¶ https://t.co/AKe1LsmNMX"
-0.48,2018-04-08 04:53:00+00:00,0.2,0.8,0.0,.@Nigel_Farage: ‚ÄúI think with Barack #Obama‚Ä¶ America virtually disappeared off the world stage. No one took America‚Ä¶ https://t.co/pIryiIPkHo
-0.88,2018-04-08 04:48:00+00:00,0.48,0.52,0.0,"Fire erupts at #TrumpTower in New York City; 1 fatality ID'd, at least 4 hurt https://t.co/gUrouFtixK"
0.0,2018-04-08 04:43:00+00:00,0.0,1.0,0.0,".@KatrinaPierson: ""Has @MichelleObama ever asked herself the simple question of, 'Maybe middle class voters believe‚Ä¶ https://t.co/QdeftbN9f1"
-0.2,2018-04-08 04:40:00+00:00,0.22,0.65,0.13,".@JudgeJeanine: ""It's time for Republicans to stop fighting with each other and start supporting the president."" https://t.co/N8x5WcwSnZ"
0.0,2018-04-08 04:34:00+00:00,0.0,1.0,0.0,".@USDOL: U.S. economy added 103,000 jobs in March. https://t.co/pZcD6ADdgi https://t.co/FXwqdkFyqg"
0.44,2018-04-08 04:30:00+00:00,0.0,0.86,0.14,".@DiamondandSilk on Obama being ""the good parent"": ""[@BarackObama] wanted to feed us some ObamaCare, we got the Oba‚Ä¶ https://t.co/anMOsRwRvq"
-0.51,2018-04-08 04:24:00+00:00,0.15,0.85,0.0,".@Nigel_Farage: ""The liberal media, they're so full of their own prejudice against Trump that even when he gets thi‚Ä¶ https://t.co/ae7aoEMXvF"
0.0,2018-04-08 04:20:00+00:00,0.0,1.0,0.0,'YODELING KID': Watch this young boy stun @Walmart shoppers with his ear-catching voice in a now viral video. https://t.co/nxx0ENTIL2
0.0,2018-04-08 04:15:00+00:00,0.0,1.0,0.0,"‚ÄúWhy is it open season on the first family?‚Äù

On ""Justice,"" @JudgeJeanine slammed Republicans, stating they were to‚Ä¶ https://t.co/yyml3TEwG7"
0.18,2018-04-08 04:10:00+00:00,0.09,0.79,0.12,"West Virginian mom Jessica Hodge, thanked @POTUS for tax cuts: ‚ÄúI just really wanted to express to the president ho‚Ä¶ https://t.co/3wiHibShab"
-0.8,2018-04-08 04:05:00+00:00,0.38,0.62,0.0,"At least 2 killed, 20 injured after van plows through crowd in Muenster, Germany https://t.co/l5qZpHn2so"
0.38,2018-04-08 04:00:00+00:00,0.0,0.88,0.12,.@Surgeon_General: ‚Äú@POTUS has made clear that one of his three priorities in regards to the opioid epidemic is sav‚Ä¶ https://t.co/2nLWq7QtJi
-0.57,2018-04-08 03:51:00+00:00,0.17,0.83,0.0,".@MayorSamAbed: ""If California is the only sanctuary state here, we're going to be a magnet for criminals, for pove‚Ä¶ https://t.co/FYKaYz7L0Q"
0.0,2018-04-08 03:45:00+00:00,0.0,1.0,0.0,Meghan #Markle once starred in a Tostitos commerical https://t.co/rgLwwqNfSv
0.73,2018-04-08 03:40:00+00:00,0.0,0.68,0.32,Rep. Kevin Cramer expected to win GOP endorsement to seek North Dakota Senate seat https://t.co/IspPexKKbF
-0.42,2018-04-08 03:35:00+00:00,0.14,0.86,0.0,".@carolmswain: ""I don't believe that causing one race to feel guilty about things that happened generations ago is‚Ä¶ https://t.co/f09zfzxmmE"
0.53,2018-04-08 03:33:00+00:00,0.0,0.82,0.18,"TOMORROW on ""Life, Liberty, &amp; Levin,"" @SarahPalinUSA sits down with @marklevinshow to discuss the Second Amendment.‚Ä¶ https://t.co/WxwVHqeXRy"
-0.75,2018-04-08 03:28:00+00:00,0.45,0.47,0.09,EPA says 'unprecedented' number of death threats against Pruitt https://t.co/R12Wx8pBOy
0.4,2018-04-08 03:21:00+00:00,0.0,0.79,0.21,The Vatican Museums offer early-bird special to see its art https://t.co/SJGU41Cbs7
-0.92,2018-04-08 03:14:00+00:00,0.52,0.48,0.0,Victims slowly identified in Canadian hockey team bus crash disaster; death toll rises to 15 https://t.co/XO2PX5Hdt5
-0.74,2018-04-08 03:07:00+00:00,0.36,0.64,0.0,"California highway crash injures more than a dozen possible illegal immigrants, reports say https://t.co/MUJULws4e5"
0.32,2018-04-08 03:00:00+00:00,0.0,0.89,0.11,".@GovBrewer: ""The first and foremost thing that government is responsible for is to keep our country sovereign and‚Ä¶ https://t.co/g1q7M9u8XK"
-0.56,2018-04-08 02:51:10+00:00,0.36,0.64,0.0,Body suspected to be from California cliff crash found https://t.co/m7EbD8AO4S
0.46,2018-04-08 02:47:03+00:00,0.0,0.67,0.33,Holocaust victim's heirs awarded Nazi-looted paintings in landmark case https://t.co/LQt88eLx1F
-0.85,2018-04-08 02:44:46+00:00,0.43,0.57,0.0,"Alleged 'potted-plant serial killer' may be linked to grisly, unsolved 1970s murders https://t.co/PyoBhghZfX"
-0.34,2018-04-08 02:38:18+00:00,0.12,0.88,0.0,Emily Blunt asked husband John Krasinski to fire another actress so she could appear in 'Quiet Place' film https://t.co/6lb3vgWVSy
0.0,2018-04-08 02:32:57+00:00,0.0,1.0,0.0,The Latest: Kansas lawmakers' work on schools plan stalls https://t.co/EzciVJx9KL
0.0,2018-04-08 02:27:37+00:00,0.0,1.0,0.0,Georgia sheriff's concealed-carry sign goes viral https://t.co/QOKFWyqWef
0.0,2018-04-08 02:21:54+00:00,0.0,1.0,0.0,.@MollyRingwald says her hit film 'The Breakfast Club' is 'troubling' in #MeToo era https://t.co/niLHZecUfy
-0.1,2018-04-08 02:14:52+00:00,0.13,0.77,0.1,Man hailed as a 'real life @Disney prince' after 70-pound weight loss goes viral on @reddit https://t.co/IZ9Ml5Z4pE
0.48,2018-04-08 02:09:37+00:00,0.0,0.78,0.22,"Russell Crowe's 'divorce' auction sells 'Gladiator' armor, other valuable movie gear https://t.co/nCoE81lgJC"
-0.2,2018-04-08 02:04:56+00:00,0.26,0.53,0.2,Shooting on 'adult-themed' party bus in Illinois kills 3 https://t.co/zqLlRDwpjP
0.48,2018-04-08 01:56:04+00:00,0.06,0.76,0.18,"Ala. teen turns down 25-year plea deal, gets sentenced to 65 years instead - and laughs https://t.co/Falh89eTHs"
0.0,2018-04-08 01:50:43+00:00,0.0,1.0,0.0,OPINION: Trump sanctions on Russia: This is as far from ‚Äòcollusion‚Äô as you can get https://t.co/S445JXvtT5
0.67,2018-04-08 01:39:43+00:00,0.0,0.74,0.26,".@DarrellIssa: ""[Republicans] want to make sure the border patrol has the tools it needs to be both safe and effect‚Ä¶ https://t.co/1rTmv1chYh"
0.0,2018-04-08 01:33:03+00:00,0.0,1.0,0.0,.@newtgingrich: California may elect a Republican governor -- Incredible as that sounds https://t.co/DtIRNIh486
-0.1,2018-04-08 01:24:39+00:00,0.08,0.92,0.0,".@PaulBabeuAZ: ""If you're gonna send America's military [to the southern border], that's hard force. Don't send a t‚Ä¶ https://t.co/hwP16JzXBA"
0.34,2018-04-08 01:18:38+00:00,0.0,0.82,0.18,".@hogangidley45 on border security: ""If Congress doesn't act, [@POTUS] will."" @JudgeJeanine https://t.co/de59FdFvqh"
-0.2,2018-04-08 01:15:59+00:00,0.22,0.65,0.13,".@JudgeJeanine: ""It's time for Republicans to stop fighting with each other and start supporting the president."" https://t.co/AljIXI8Yd5"
0.34,2018-04-08 01:10:24+00:00,0.0,0.88,0.12,".@hogangidley45 on border security: ""We're working with [Mexico] and I think this is beginning to break up. But wha‚Ä¶ https://t.co/mVY3dL1dFZ"
-0.89,2018-04-08 01:09:35+00:00,0.38,0.62,0.0,At least one person died and four others were injured after a fire broke out in #TrumpTower in New York City on Sat‚Ä¶ https://t.co/Apx1KMnwOi
0.0,2018-04-08 01:06:22+00:00,0.0,1.0,0.0,Kroger is expanding restaurant chain https://t.co/vDMh3OGoMX
-0.42,2018-04-08 00:55:47+00:00,0.13,0.87,0.0,".@DiamondandSilk: ""I think what's sexist is the fact that @MichelleObama is trying to make women feel guilty for no‚Ä¶ https://t.co/OOjtS0Agsa"
0.44,2018-04-08 00:52:52+00:00,0.0,0.86,0.14,".@DiamondandSilk on Obama being ""the good parent"": ""[@BarackObama] wanted to feed us some ObamaCare, we got the Oba‚Ä¶ https://t.co/4sI9kWqmlO"
0.0,2018-04-08 00:46:27+00:00,0.0,1.0,0.0,".@RepDeSantis on FISA warrants: ""Both @TheJusticeDept and the @FBI have tried for months and months to deemphasize‚Ä¶ https://t.co/Hy6caSttmo"
-0.51,2018-04-08 00:39:36+00:00,0.32,0.68,0.0,"Tennessee prison brawl injures 11, two critically https://t.co/CKHPrJ5rcB"
-0.85,2018-04-08 00:34:35+00:00,0.4,0.6,0.0,"BREAKING: 1 person killed in fire at Trump Tower in NYC, officials say; fire now ‚Äòunder control‚Äô https://t.co/wdVIFDc6Gf"
0.38,2018-04-08 00:32:59+00:00,0.0,0.87,0.13,"RT @FoxNewsResearch: The U.S. economy added 103,000 jobs in March 2018 ‚Üí its 90th consecutive month of net growth"
-0.1,2018-04-08 00:27:16+00:00,0.13,0.77,0.1,Man hailed as a 'real life Disney prince' after 70-pound weight loss goes viral on Reddit https://t.co/sINHfCYg7Y
0.4,2018-04-08 00:20:21+00:00,0.0,0.86,0.14,"Brandon Judd: ""We want to once and for all secure the border so that we don't have to continue to sit here and say‚Ä¶ https://t.co/KN7JOkp9kr"
0.66,2018-04-08 00:14:46+00:00,0.0,0.74,0.26,"Brandon Judd on border security: ""I have to applaud President @realDonaldTrump for putting the @USNationalGuard on‚Ä¶ https://t.co/zqRy8sgRY1"
0.34,2018-04-08 00:11:48+00:00,0.0,0.89,0.11,"Brandon Judd on border security: ""Most drugs are coming across the border between the ports of entry, not through t‚Ä¶ https://t.co/r4O51zdBCk"
0.62,2018-04-08 00:07:34+00:00,0.0,0.76,0.24,"Ali Noorani on border security: ""If you want to secure the border outside the ports of entry, that's where you put‚Ä¶ https://t.co/LfjSMbkXVi"
0.53,2018-04-08 00:03:00+00:00,0.0,0.82,0.18,"TOMORROW on ""Life, Liberty, &amp; Levin,"" @SarahPalinUSA sits down with @marklevinshow to discuss the Second Amendment.‚Ä¶ https://t.co/yHhB4u70zI"
0.27,2018-04-08 00:00:12+00:00,0.0,0.83,0.17,Viral singing grocery store worker accepted to elite music school https://t.co/i88hnfLfMo
0.0,2018-04-07 23:56:20+00:00,0.0,1.0,0.0,.@toddstarnes: San Diego lawmaker says California has become rogue state https://t.co/YDQdDeyhvn
-0.71,2018-04-07 23:52:13+00:00,0.46,0.54,0.0,.@marcthiessen: Trump is threatening to repeat Obama's mistakes https://t.co/mhaI2Jdf81
0.48,2018-04-07 23:50:14+00:00,0.0,0.78,0.22,"Russell Crowe's 'divorce' auction sells 'Gladiator' armor, other valuable movie gear https://t.co/pcCxEeCgam"
-0.7,2018-04-07 23:39:58+00:00,0.33,0.67,0.0,"JUST IN: 3 firefighters, 1 other person hurt in fire at Trump Tower in NYC https://t.co/V0SMyno1bu"
-0.34,2018-04-07 23:38:52+00:00,0.11,0.89,0.0,".@FDNY on Trump Tower fire: ""It's still not considered under control because of the smoke conditions on all the flo‚Ä¶ https://t.co/7xle5FFGeF"
-0.3,2018-04-07 23:36:08+00:00,0.16,0.84,0.0,".@FDNY: ""There are no members of the first family in residence today."" https://t.co/RcQVLe7Zu1"
0.13,2018-04-07 23:33:42+00:00,0.12,0.72,0.15,"Moments ago, @EricTrump thanked the @FDNY and @NYPD for quickly extinguishing a fire in Trump Tower.‚Ä¶ https://t.co/sb6MiXNQh4"
-0.32,2018-04-07 23:25:00+00:00,0.3,0.46,0.24,Parkland shooting hero blames sheriff and superintendent for failing to prevent massacre https://t.co/23jjJimAk6
-0.4,2018-04-07 23:19:00+00:00,0.24,0.64,0.12,"Fmr Vanderbilt Prof: Elementary School's 'White Privilege' Flyer Meant to 'Instill Shame, Guilt Among White Youth' https://t.co/N8wPrP0RPR"
0.53,2018-04-07 23:14:00+00:00,0.0,0.84,0.16,"TOMORROW on ""Life, Liberty, &amp; Levin,"" @SarahPalinUSA sits down with @marklevinshow to discuss the border. Tune in a‚Ä¶ https://t.co/ejifTTNnB1"
-0.59,2018-04-07 23:10:16+00:00,0.27,0.62,0.12,"Pilots warned of safety concerns before helicopter crashed in NYC's East River and killed 5, report says https://t.co/Vpu1u7ioD6"
0.49,2018-04-07 23:03:15+00:00,0.0,0.79,0.21,"Seven-year-old girl hikes Mount Kilimanjaro in honor of late dad, breaks record https://t.co/7UuoLVbWcQ"
-0.13,2018-04-07 22:51:34+00:00,0.21,0.6,0.19,"Moments ago, President @realDonaldTrump thanked the @FDNY for their swift action after a fire broke out in Trump To‚Ä¶ https://t.co/BWI8quXPuN"
-0.34,2018-04-07 22:45:36+00:00,0.12,0.88,0.0,The @NYPDnews and @FDNY are on the scene of a fire on the 50th floor of Trump Tower.  https://t.co/Hz3zrjSrGA https://t.co/kyhXaaZMGu
-0.54,2018-04-07 22:41:10+00:00,0.21,0.79,0.0,BREAKING: The @FDNY is battling a multi-alarm fire on the 50th floor of Trump Tower in New York City.‚Ä¶ https://t.co/uh2R7NoSRK
-0.92,2018-04-07 22:33:33+00:00,0.52,0.48,0.0,Victims slowly identified in Canadian hockey team bus crash disaster; death toll rises to 15 https://t.co/dDnMLSCjDD
-0.34,2018-04-07 22:26:04+00:00,0.21,0.79,0.0,Fire erupts at Trump Tower in New York City https://t.co/V0SMyno1bu
-0.15,2018-04-07 22:23:26+00:00,0.08,0.92,0.0,".@susanferrechio: ""If Pruitt goes, whoever comes in is not going to be as aggressive rolling back the EPA regulatio‚Ä¶ https://t.co/8MQlf1ZLAz"
-0.3,2018-04-07 22:16:25+00:00,0.16,0.84,0.0,".@realDonaldTrump slams DOJ, FBI over missed document deadline: 'What is going on?' https://t.co/iAvfAkQhNc"
0.73,2018-04-07 22:09:18+00:00,0.0,0.64,0.36,.@RepKevinCramer expected to win GOP endorsement to seek North Dakota Senate seat https://t.co/N8AQVi5cU2
-0.76,2018-04-07 22:01:26+00:00,0.39,0.61,0.0,.@POTUS zeroes in on tackling illegal immigration after spending bill criticism https://t.co/XutrkLzr0N
0.0,2018-04-07 21:53:49+00:00,0.0,1.0,0.0,"Volcanic lightning is seen above Shinmoedake peak as the peak erupts between Miyazaki and Kagoshima prefectures, so‚Ä¶ https://t.co/Qx6IAKOyap"
0.0,2018-04-07 21:53:17+00:00,0.0,1.0,0.0,"Earlier, @PressSec reiterated the Trump administration's dedication to keeping the U.S.-Mexico border safe.‚Ä¶ https://t.co/herlbVAHIr"
0.72,2018-04-07 21:50:00+00:00,0.0,0.68,0.32,".@Nigel_Farage: ‚ÄúIn terms of foreign policy, this president has been a huge success so far.‚Äù https://t.co/15VgjtLPNV"
-0.48,2018-04-07 21:45:00+00:00,0.2,0.8,0.0,.@Nigel_Farage: ‚ÄúI think with Barack Obama‚Ä¶ America virtually disappeared off the world stage. No one took America‚Ä¶ https://t.co/ykNWEuZdQT
0.62,2018-04-07 21:40:00+00:00,0.0,0.69,0.31,.@Reince: ‚ÄúI think Scott Pruitt is doing a great job.‚Äù https://t.co/VL2nrFaAvv
0.66,2018-04-07 21:33:26+00:00,0.0,0.71,0.29,".@GovMikeHuckabee is in favor President @realDonaldTrump's desire to send between 2,000 and 4,000 @USNationalGuard‚Ä¶ https://t.co/OjfpxX3rQp"
0.0,2018-04-07 21:31:00+00:00,0.0,1.0,0.0,".@DiamondandSilk: ""Long gone are the days that people can cross our borders and think they can rip away at the fabr‚Ä¶ https://t.co/t99G0Q6EYR"
-0.76,2018-04-07 21:29:15+00:00,0.27,0.73,0.0,"BREAKING: Death toll in Canadian hockey team bus crash rises to 15, police say; coach, team captain reportedly amon‚Ä¶ https://t.co/7vMihjphnz"
-0.8,2018-04-07 21:25:46+00:00,0.38,0.62,0.0,"'Madness': Family outraged that 4 teens sentenced to youth treatment after sandbag hits car, kills man https://t.co/WLOh2s4qQ0"
-0.59,2018-04-07 21:25:36+00:00,0.27,0.62,0.12,"Pilots warned of safety concerns before helicopter crashed in NYC's East River and killed 5, report says https://t.co/PBqmLZmXtK"
0.63,2018-04-07 21:17:57+00:00,0.0,0.8,0.2,"‚ÄúI really feel that God opened the door for our family to have that opportunity, &amp; I just really wanted to express‚Ä¶ https://t.co/x498qR3eKL"
-0.51,2018-04-07 21:12:53+00:00,0.15,0.85,0.0,".@Nigel_Farage: ""The liberal media, they're so full of their own prejudice against Trump that even when he gets thi‚Ä¶ https://t.co/KgMArH6HjT"
-0.36,2018-04-07 21:11:08+00:00,0.13,0.87,0.0,"On ""Cavuto Live,"" Escondido @MayorSamAbed told @TeamCavuto that he was ""fighting for our sovereignty"" against the ""‚Ä¶ https://t.co/0brGGMy65Y"
-0.25,2018-04-07 21:06:09+00:00,0.19,0.68,0.13,California deputy arrested for alleged 'unlawful sex acts' with 2 inmates he committed https://t.co/JkuV2JBMDG
-0.9,2018-04-07 20:56:29+00:00,0.5,0.5,0.0,"Crash of hockey team's bus leaves at least 14 dead, town devastated https://t.co/kpbosHhWTW https://t.co/jwi5LMHdA1"
-0.54,2018-04-07 20:48:12+00:00,0.17,0.83,0.0,"Qantas' former 'poster girl' flight attendant reveals she was sexually harassed, says issue is 'rampant' across ind‚Ä¶ https://t.co/jrbiy8TGjw"
0.0,2018-04-07 20:47:25+00:00,0.0,1.0,0.0,"RT @FoxBusiness: CBS said to plan all-stock bid for Viacom, below valuation   https://t.co/lW4rF8rsVI"
-0.49,2018-04-07 20:47:21+00:00,0.15,0.85,0.0,"RT @FoxBusiness: .@LouDobbs: ""California state government, depending on your perspective, are either making fools of themselves or their ci‚Ä¶"
0.0,2018-04-07 20:47:18+00:00,0.0,1.0,0.0,RT @FoxBusiness: High-tax states are already taking a hit from next tax law: Varney   https://t.co/Kb2XbLzSfT
-0.53,2018-04-07 20:45:37+00:00,0.12,0.88,0.0,"Jonathan Schanzer: ""We need to take a look at the fact that we have an ISIS threat that is not waning and that we h‚Ä¶ https://t.co/m3jf0XW7Ir"
